datetime,AIZ,EQR,MNST,RJF,SO,cash,commission,total,returns,equity_curve
2018-01-01,0.0,0.0,0.0,0.0,0.0,100000.0,0.0,100000.0,,
2016-09-01,0.0,0.0,0.0,0.0,0.0,100000.0,0.0,100000.0,0.0,1.0
2016-09-01,0.0,0.0,0.0,0.0,0.0,100000.0,0.0,100000.0,0.0,1.0
2016-09-01,0.0,0.0,0.0,0.0,0.0,100000.0,0.0,100000.0,0.0,1.0
2016-09-01,0.0,0.0,0.0,0.0,0.0,100000.0,0.0,100000.0,0.0,1.0
2016-09-01,0.0,0.0,0.0,0.0,0.0,100000.0,0.0,100000.0,0.0,1.0
2016-09-01,0.0,0.0,0.0,0.0,0.0,100000.0,0.0,100000.0,0.0,1.0
2016-09-01,0.0,0.0,0.0,0.0,0.0,100000.0,0.0,100000.0,0.0,1.0
2016-09-01,0.0,0.0,0.0,0.0,0.0,100000.0,0.0,100000.0,0.0,1.0
2016-09-01,0.0,0.0,0.0,0.0,0.0,100000.0,0.0,100000.0,0.0,1.0
2016-09-01,0.0,0.0,0.0,0.0,0.0,100000.0,0.0,100000.0,0.0,1.0
2016-09-02,0.0,0.0,0.0,0.0,0.0,100000.0,0.0,100000.0,0.0,1.0
2016-09-06,0.0,0.0,0.0,0.0,0.0,100000.0,0.0,100000.0,0.0,1.0
2016-09-07,0.0,0.0,0.0,0.0,0.0,100000.0,0.0,100000.0,0.0,1.0
2016-09-08,0.0,0.0,0.0,0.0,0.0,100000.0,0.0,100000.0,0.0,1.0
2016-09-09,0.0,0.0,0.0,0.0,0.0,100000.0,0.0,100000.0,0.0,1.0
2016-09-12,0.0,0.0,0.0,0.0,0.0,100000.0,0.0,100000.0,0.0,1.0
2016-09-13,0.0,0.0,0.0,0.0,0.0,100000.0,0.0,100000.0,0.0,1.0
2016-09-14,0.0,0.0,0.0,0.0,0.0,100000.0,0.0,100000.0,0.0,1.0
2016-09-15,0.0,0.0,0.0,0.0,0.0,100000.0,0.0,100000.0,0.0,1.0
2016-09-16,0.0,0.0,0.0,0.0,0.0,100000.0,0.0,100000.0,0.0,1.0
2016-09-19,0.0,0.0,0.0,0.0,0.0,100000.0,0.0,100000.0,0.0,1.0
2016-09-20,0.0,0.0,0.0,0.0,0.0,100000.0,0.0,100000.0,0.0,1.0
2016-09-21,0.0,0.0,0.0,0.0,0.0,100000.0,0.0,100000.0,0.0,1.0
2016-09-22,0.0,0.0,0.0,0.0,0.0,100000.0,0.0,100000.0,0.0,1.0
2016-09-23,0.0,0.0,0.0,0.0,0.0,100000.0,0.0,100000.0,0.0,1.0
2016-09-26,0.0,0.0,0.0,0.0,0.0,100000.0,0.0,100000.0,0.0,1.0
2016-09-27,0.0,0.0,0.0,0.0,0.0,100000.0,0.0,100000.0,0.0,1.0
2016-09-28,0.0,0.0,0.0,0.0,0.0,100000.0,0.0,100000.0,0.0,1.0
2016-09-29,0.0,0.0,0.0,0.0,0.0,100000.0,0.0,100000.0,0.0,1.0
2016-09-30,0.0,0.0,0.0,0.0,0.0,100000.0,0.0,100000.0,0.0,1.0
2016-10-03,0.0,0.0,0.0,0.0,0.0,100000.0,0.0,100000.0,0.0,1.0
2016-10-04,0.0,0.0,0.0,0.0,0.0,100000.0,0.0,100000.0,0.0,1.0
2016-10-05,0.0,0.0,0.0,0.0,0.0,100000.0,0.0,100000.0,0.0,1.0
2016-10-06,0.0,0.0,0.0,0.0,0.0,100000.0,0.0,100000.0,0.0,1.0
2016-10-07,0.0,0.0,0.0,0.0,0.0,100000.0,0.0,100000.0,0.0,1.0
2016-10-10,0.0,0.0,0.0,0.0,0.0,100000.0,0.0,100000.0,0.0,1.0
2016-10-11,0.0,0.0,0.0,0.0,0.0,100000.0,0.0,100000.0,0.0,1.0
2016-10-12,0.0,0.0,0.0,0.0,0.0,100000.0,0.0,100000.0,0.0,1.0
2016-10-13,0.0,0.0,0.0,0.0,0.0,100000.0,0.0,100000.0,0.0,1.0
2016-10-14,0.0,0.0,0.0,0.0,0.0,100000.0,0.0,100000.0,0.0,1.0
2016-10-17,0.0,0.0,0.0,0.0,0.0,100000.0,0.0,100000.0,0.0,1.0
2016-10-18,0.0,0.0,0.0,0.0,0.0,100000.0,0.0,100000.0,0.0,1.0
2016-10-19,0.0,0.0,0.0,0.0,0.0,100000.0,0.0,100000.0,0.0,1.0
2016-10-20,0.0,0.0,0.0,0.0,0.0,100000.0,0.0,100000.0,0.0,1.0
2016-10-21,0.0,0.0,0.0,0.0,0.0,100000.0,0.0,100000.0,0.0,1.0
2016-10-24,0.0,0.0,0.0,0.0,0.0,100000.0,0.0,100000.0,0.0,1.0
2016-10-25,0.0,0.0,0.0,0.0,0.0,100000.0,0.0,100000.0,0.0,1.0
2016-10-26,0.0,0.0,0.0,0.0,0.0,100000.0,0.0,100000.0,0.0,1.0
2016-10-27,0.0,0.0,0.0,0.0,0.0,100000.0,0.0,100000.0,0.0,1.0
2016-10-28,0.0,0.0,0.0,0.0,0.0,100000.0,0.0,100000.0,0.0,1.0
2016-10-31,40260.0,0.0,0.0,0.0,0.0,58253.75,1.25,98513.75,-0.0148625,0.9851375
2016-11-01,0.0,0.0,0.0,0.0,0.0,99747.5,2.5,99747.5,0.0125236324878506,0.9974749999999999
2016-11-02,39360.0,0.0,0.0,0.0,0.0,56741.25,3.75,96101.25,-0.03655480087220231,0.9610124999999999
2016-11-03,0.0,0.0,0.0,0.0,0.0,99740.0,5.0,99740.0,0.03786371145016321,0.9974
2016-11-04,39865.0,0.0,0.0,0.0,0.0,56563.75,6.25,96428.75,-0.033198816924002394,0.9642875
2016-11-07,0.0,0.0,0.0,0.0,0.0,99722.5,7.5,99722.5,0.03415734415306648,0.997225
2016-11-08,40045.0,0.0,0.0,0.0,0.0,56826.25,8.75,96871.25,-0.028591842362556075,0.9687125000000001
2016-11-09,0.0,0.0,22100.0,0.0,0.0,77898.75,11.25,99998.75,0.03228512071435019,0.9999875
2016-11-10,41745.0,0.0,0.0,0.0,0.0,57746.25,13.75,99491.25,-0.005075063438293004,0.9949125
2016-11-11,0.0,0.0,20960.0,0.0,0.0,78468.75,16.25,99428.75,-0.0006281959468797949,0.9942874999999999
2016-11-14,43005.0,0.0,0.0,0.0,0.0,57686.25,18.75,100691.25,0.012697534666783916,1.0069124999999999
2016-11-15,0.0,0.0,20810.0,0.0,0.0,77988.75,21.25,98798.75,-0.018795079016299843,0.9879874999999999
2016-11-16,43175.0,0.0,0.0,0.0,0.0,57591.25,23.75,100766.25,0.019914219562494395,1.0076625
2016-11-17,0.0,0.0,20985.0,0.0,0.0,78383.75,26.25,99368.75,-0.013868730849862954,0.9936874999999998
2016-11-18,42895.0,0.0,0.0,0.0,0.0,56811.25,28.75,99706.25,0.0033964400276746964,0.9970624999999999
2016-11-21,0.0,0.0,21795.0,0.0,0.0,77638.75,31.25,99433.75,-0.0027330282705447795,0.9943374999999998
2016-11-22,42780.0,0.0,0.0,0.0,0.0,56751.25,33.75,99531.25,0.0009805523778394498,0.9953124999999997
2016-11-23,0.0,0.0,22370.0,0.0,0.0,79008.75,36.25,101378.75,0.018562009419152314,1.0137874999999998
2016-11-25,0.0,0.0,0.0,0.0,0.0,101242.5,37.5,101242.5,-0.001343970013439666,1.012425
2016-11-28,42950.0,0.0,22645.0,0.0,0.0,32960.0,40.0,98555.0,-0.026545176185890362,0.9855499999999998
2016-11-29,0.0,0.0,0.0,0.0,0.0,101057.5,42.5,101057.5,0.02539191314494449,1.0105749999999998
2016-11-30,43170.0,0.0,22375.0,0.0,23410.0,8488.75,46.25,97443.75,-0.035759344927392855,0.9744374999999997
2016-12-01,0.0,0.0,0.0,0.0,0.0,101610.0,50.0,101610.0,0.04275543582836261,1.0160999999999998
2016-12-02,0.0,0.0,22220.0,0.0,23380.0,55357.5,52.5,100957.5,-0.006421612046058511,1.0095749999999997
2016-12-05,43330.0,0.0,0.0,0.0,0.0,55493.75,56.25,98823.75,-0.02113513111953047,0.9882374999999997
2016-12-06,0.0,0.0,22185.0,0.0,0.0,78911.25,58.75,101096.25,0.02299548438507948,1.0109624999999995
2016-12-07,45120.0,0.0,0.0,0.0,23575.0,30092.5,62.5,98787.5,-0.02283714776759771,0.9878749999999995
2016-12-08,0.0,0.0,21525.0,0.0,0.0,79068.75,66.25,100593.75,0.0182841958749842,1.0059374999999995
2016-12-09,46080.0,0.0,0.0,0.0,23970.0,30970.0,70.0,101020.0,0.004237340789065014,1.0101999999999995
2016-12-12,0.0,0.0,22135.0,0.0,0.0,79591.25,73.75,101726.25,0.006991189863393421,1.0172624999999995
2016-12-13,46030.0,0.0,0.0,0.0,24595.0,31067.5,77.5,101692.5,-0.00033177277251450477,1.0169249999999994
2016-12-14,0.0,31395.0,22010.0,0.0,0.0,48222.5,82.5,101627.5,-0.0006391818472355482,1.0162749999999994
2016-12-15,46235.0,0.0,0.0,0.0,0.0,55538.75,86.25,101773.75,0.0014390789894467293,1.0177374999999993
2016-12-16,0.0,32025.0,0.0,0.0,0.0,70031.25,88.75,102056.25,0.002775764870607489,1.0205624999999992
2016-12-19,0.0,0.0,0.0,0.0,0.0,102210.0,90.0,102210.0,0.0015065221385266447,1.0220999999999993
2016-12-20,0.0,0.0,0.0,0.0,0.0,102210.0,90.0,102210.0,0.0,1.0220999999999993
2016-12-21,0.0,0.0,0.0,0.0,0.0,102210.0,90.0,102210.0,0.0,1.0220999999999993
2016-12-22,0.0,0.0,0.0,0.0,0.0,102210.0,90.0,102210.0,0.0,1.0220999999999993
2016-12-23,0.0,0.0,0.0,0.0,0.0,102210.0,90.0,102210.0,0.0,1.0220999999999993
2016-12-27,0.0,0.0,0.0,0.0,0.0,102210.0,90.0,102210.0,0.0,1.0220999999999993
2016-12-28,0.0,31460.0,0.0,0.0,0.0,70268.75,91.25,101728.75,-0.004708443400841422,1.0172874999999992
2016-12-29,0.0,0.0,0.0,0.0,0.0,101922.5,92.5,101922.5,0.0019045746654706708,1.0192249999999992
2016-12-30,0.0,32180.0,0.0,0.0,0.0,69866.25,93.75,102046.25,0.0012141578159876598,1.0204624999999992
2017-01-03,0.0,0.0,0.0,0.0,0.0,101560.0,95.0,101560.0,-0.004764996263948995,1.0155999999999992
2017-01-04,0.0,32140.0,0.0,0.0,0.0,69818.75,96.25,101958.75,0.0039262504923198716,1.0195874999999992
2017-01-05,0.0,0.0,0.0,0.0,0.0,101617.5,97.5,101617.5,-0.003346941777924939,1.0161749999999992
2017-01-06,0.0,32689.999999999996,0.0,0.0,0.0,70116.25,98.75,102806.25,0.011698280315890486,1.0280624999999992
2017-01-09,0.0,0.0,0.0,0.0,0.0,101795.0,100.0,101795.0,-0.009836464222749086,1.0179499999999992
2017-01-10,0.0,31940.0,0.0,0.0,0.0,70283.75,101.25,102223.75,0.004211896458568676,1.0222374999999992
2017-01-11,0.0,0.0,0.0,0.0,0.0,101427.5,102.5,101427.5,-0.007789285757957454,1.0142749999999991
2017-01-12,0.0,32055.0,0.0,0.0,0.0,70576.25,103.75,102631.25,0.011868083113554029,1.026312499999999
2017-01-13,0.0,0.0,0.0,0.0,0.0,101335.0,105.0,101335.0,-0.01263016868643807,1.013349999999999
2017-01-17,0.0,31740.0,0.0,0.0,0.0,70823.75,106.25,102563.75,0.012125622933833347,1.025637499999999
2017-01-18,0.0,0.0,0.0,0.0,0.0,101172.5,107.5,101172.5,-0.01356473412877357,1.011724999999999
2017-01-19,0.0,31500.0,0.0,0.0,0.0,70786.25,108.75,102286.25,0.011008426202772537,1.0228624999999991
2017-01-20,0.0,0.0,0.0,0.0,0.0,100735.0,110.0,100735.0,-0.01516577252563267,1.007349999999999
2017-01-23,0.0,31510.0,0.0,0.0,0.0,70353.75,111.25,101863.75,0.011205142204794738,1.018637499999999
2017-01-24,0.0,0.0,0.0,37125.0,0.0,62366.25,113.75,99491.25,-0.023290915561227643,0.994912499999999
2017-01-25,0.0,30850.0,0.0,0.0,0.0,70368.75,116.25,101218.75,0.01736333597175621,1.012187499999999
2017-01-26,0.0,0.0,0.0,0.0,0.0,100697.5,117.5,100697.5,-0.005149737573325153,1.0069749999999988
2017-01-27,0.0,0.0,0.0,0.0,0.0,100697.5,117.5,100697.5,0.0,1.0069749999999988
2017-01-30,48480.0,30350.0,0.0,0.0,0.0,24310.0,120.0,103140.0,0.024255815685592985,1.0313999999999988
2017-01-31,0.0,0.0,0.0,0.0,0.0,101737.5,122.5,101737.5,-0.013598022105875462,1.0173749999999988
2017-02-01,0.0,0.0,0.0,0.0,0.0,101737.5,122.5,101737.5,0.0,1.0173749999999988
2017-02-02,0.0,30380.0,0.0,0.0,0.0,70736.25,123.75,101116.25,-0.006106401277798268,1.0111624999999989
2017-02-03,0.0,0.0,0.0,0.0,0.0,101565.0,125.0,101565.0,0.004437961257463652,1.0156499999999988
2017-02-06,0.0,30280.0,0.0,0.0,0.0,70623.75,126.25,100903.75,-0.006510608969625409,1.0090374999999987
2017-02-07,0.0,0.0,0.0,0.0,0.0,101412.5,127.5,101412.5,0.005041933525760989,1.0141249999999988
2017-02-08,0.0,30710.0,0.0,0.0,0.0,70201.25,128.75,100911.25,-0.004942684580303225,1.0091124999999987
2017-02-09,0.0,0.0,0.0,0.0,0.0,101165.0,130.0,101165.0,0.002514585836564276,1.0116499999999986
2017-02-10,0.0,30965.0,0.0,0.0,0.0,69783.75,131.25,100748.75,-0.004114565314090823,1.0074874999999985
2017-02-13,0.0,0.0,21710.0,0.0,0.0,79396.25,133.75,101106.25,0.003548431121974227,1.0110624999999986
2017-02-14,0.0,31000.0,0.0,0.0,0.0,68808.75,136.25,99808.75,-0.01283303455523277,0.9980874999999986
2017-02-15,0.0,0.0,0.0,0.0,0.0,100342.5,137.5,100342.5,0.0053477275288991155,1.0034249999999987
2017-02-16,0.0,30940.0,0.0,0.0,0.0,68831.25,138.75,99771.25,-0.00569300146996532,0.9977124999999988
2017-02-17,0.0,0.0,0.0,0.0,0.0,100460.0,140.0,100460.0,0.006903291278800294,1.0045999999999988
2017-02-21,0.0,31210.0,0.0,0.0,0.0,69298.75,141.25,100508.75,0.0004852677682660733,1.005087499999999
2017-02-22,0.0,0.0,0.0,0.0,0.0,100507.5,142.5,100507.5,-1.2436728145548415e-05,1.005074999999999
2017-02-23,0.0,31380.0,0.0,0.0,0.0,69231.25,143.75,100611.25,0.0010322612740343295,1.006112499999999
2017-02-24,0.0,0.0,0.0,0.0,0.0,100565.0,145.0,100565.0,-0.00045969014399482866,1.005649999999999
2017-02-27,0.0,31630.0,0.0,0.0,0.0,69498.75,146.25,101128.75,0.005605827077014958,1.0112874999999992
2017-02-28,0.0,0.0,0.0,0.0,25410.0,75661.25,148.75,101071.25,-0.0005685821292165105,1.0107124999999992
2017-03-01,0.0,0.0,0.0,0.0,0.0,100525.0,150.0,100525.0,-0.005404603188344903,1.005249999999999
2017-03-02,0.0,0.0,0.0,0.0,25160.0,75583.75,151.25,100743.75,0.002176075603083749,1.007437499999999
2017-03-03,49935.0,31160.0,0.0,39895.0,0.0,-18931.25,156.25,102058.75,0.013052918915565481,1.020587499999999
2017-03-06,0.0,0.0,0.0,0.0,0.0,101010.0,160.0,101010.0,-0.010275944002841486,1.010099999999999
2017-03-07,49800.0,0.0,0.0,39345.0,0.0,12572.5,162.5,101717.5,0.007004257004256997,1.017174999999999
2017-03-08,0.0,0.0,23685.0,0.0,0.0,76818.75,166.25,100503.75,-0.011932558311008479,1.005037499999999
2017-03-09,49985.0,0.0,0.0,39610.0,0.0,15480.0,170.0,105075.0,0.04548337748591469,1.050749999999999
2017-03-10,0.0,0.0,0.0,0.0,0.0,100422.5,172.5,100422.5,-0.044277896740423484,1.004224999999999
2017-03-13,49705.0,0.0,0.0,39535.0,0.0,15325.0,175.0,104565.0,0.04125071572605732,1.0456499999999989
2017-03-14,0.0,0.0,0.0,0.0,0.0,100192.5,177.5,100192.5,-0.041816095251757335,1.0019249999999988
2017-03-15,49510.0,0.0,0.0,38605.0,0.0,16030.0,180.0,104145.0,0.03944906055842501,1.0414499999999989
2017-03-16,0.0,0.0,0.0,0.0,0.0,101332.5,182.5,101332.5,-0.02700561716837102,1.013324999999999
2017-03-17,49485.0,0.0,0.0,0.0,0.0,54176.25,183.75,103661.25,0.022981274517060113,1.0366124999999988
2017-03-20,0.0,0.0,0.0,0.0,0.0,101895.0,185.0,101895.0,-0.017038671634771907,1.018949999999999
2017-03-21,47725.0,0.0,0.0,0.0,25505.0,29167.5,187.5,102397.5,0.004931547180921481,1.0239749999999987
2017-03-22,0.0,0.0,0.0,0.0,0.0,101650.0,190.0,101650.0,-0.007299982909738989,1.0164999999999988
2017-03-23,47670.0,0.0,0.0,0.0,0.0,54168.75,191.25,101838.75,0.001856861780619834,1.018387499999999
2017-03-24,0.0,0.0,0.0,0.0,0.0,101342.5,192.5,101342.5,-0.004872899559352439,1.013424999999999
2017-03-27,47280.0,0.0,0.0,0.0,0.0,53946.25,193.75,101226.25,-0.00114710018008235,1.012262499999999
2017-03-28,0.0,0.0,0.0,0.0,0.0,101290.0,195.0,101290.0,0.000629777355181993,1.0128999999999988
2017-03-29,47155.0,0.0,0.0,0.0,0.0,53863.75,196.25,101018.75,-0.0026779543883898027,1.0101874999999987
2017-03-30,0.0,0.0,0.0,0.0,0.0,101467.5,197.5,101467.5,0.004442244632803405,1.0146749999999987
2017-03-31,47835.0,0.0,0.0,0.0,24890.0,29820.0,200.0,102545.0,0.010619163771651063,1.0254499999999986
2017-04-03,0.0,0.0,0.0,0.0,0.0,100867.5,202.5,100867.5,-0.016358671802623292,1.0086749999999987
2017-04-04,47480.0,0.0,0.0,0.0,0.0,53756.25,203.75,101236.25,0.003655786055964505,1.0123624999999987
2017-04-05,0.0,0.0,0.0,0.0,0.0,100555.0,205.0,100555.0,-0.006729308918495103,1.0055499999999988
2017-04-06,47395.0,0.0,0.0,0.0,0.0,53568.75,206.25,100963.75,0.00406493958530163,1.0096374999999989
2017-04-07,0.0,0.0,0.0,0.0,0.0,101122.5,207.5,101122.5,0.001572346510505085,1.011224999999999
2017-04-10,0.0,0.0,0.0,0.0,0.0,101122.5,207.5,101122.5,0.0,1.011224999999999
2017-04-11,0.0,0.0,0.0,0.0,0.0,101122.5,207.5,101122.5,0.0,1.011224999999999
2017-04-12,0.0,0.0,0.0,0.0,0.0,101122.5,207.5,101122.5,0.0,1.011224999999999
2017-04-13,0.0,0.0,0.0,0.0,0.0,101122.5,207.5,101122.5,0.0,1.011224999999999
2017-04-17,47110.0,0.0,0.0,0.0,0.0,52561.25,208.75,99671.25,-0.014351405473559287,0.996712499999999
2017-04-18,0.0,0.0,0.0,0.0,0.0,100680.0,210.0,100680.0,0.010120772038075154,1.006799999999999
2017-04-19,46985.0,0.0,0.0,0.0,0.0,52053.75,211.25,99038.75,-0.01630164878823992,0.9903874999999991
2017-04-20,0.0,0.0,0.0,0.0,0.0,101122.5,212.5,101122.5,0.02103974454443347,1.0112249999999992
2017-04-21,47350.0,32140.0,0.0,0.0,0.0,16905.0,215.0,96395.0,-0.04675022868303291,0.9639499999999992
2017-04-24,0.0,0.0,0.0,0.0,0.0,101342.5,217.5,101342.5,0.05132527620727223,1.0134249999999991
2017-04-25,48460.0,0.0,0.0,0.0,0.0,49381.25,218.75,97841.25,-0.034548683918395495,0.9784124999999992
2017-04-26,0.0,0.0,0.0,0.0,0.0,102030.0,220.0,102030.0,0.04281169752021774,1.0202999999999993
2017-04-27,48560.0,0.0,0.0,0.0,0.0,49813.75,221.25,98373.75,-0.03583504851514263,0.9837374999999993
2017-04-28,0.0,0.0,0.0,0.0,0.0,101627.5,222.5,101627.5,0.0330753885055719,1.0162749999999994
2017-05-01,48625.0,0.0,0.0,0.0,0.0,50301.25,223.75,98926.25,-0.026579911933285794,0.9892624999999994
2017-05-02,0.0,0.0,22340.0,0.0,0.0,77513.75,226.25,99853.75,0.009375671270264396,0.9985374999999993
2017-05-03,52255.0,0.0,0.0,0.0,0.0,50111.25,228.75,102366.25,0.0251617991312294,1.0236624999999993
2017-05-04,0.0,0.0,22965.0,0.0,0.0,77688.75,231.25,100653.75,-0.0167291465693038,1.0065374999999994
2017-05-05,51960.0,0.0,0.0,0.0,0.0,51006.25,233.75,102966.25,0.02297480223041859,1.0296624999999993
2017-05-08,0.0,0.0,24240.0,0.0,0.0,77238.75,236.25,101478.75,-0.014446481249924092,1.0147874999999993
2017-05-09,52215.0,0.0,0.0,0.0,0.0,51316.25,238.75,103531.25,0.020225909365261252,1.0353124999999994
2017-05-10,0.0,0.0,0.0,0.0,0.0,101110.0,240.0,101110.0,-0.02338665861756717,1.0110999999999994
2017-05-11,51325.0,0.0,0.0,0.0,0.0,51363.75,241.25,102688.75,0.015614182573434832,1.0268874999999993
2017-05-12,0.0,0.0,0.0,0.0,0.0,101062.5,242.5,101062.5,-0.015836690971503642,1.0106249999999994
2017-05-15,51130.0,0.0,0.0,0.0,0.0,50836.25,243.75,101966.25,0.008942486085343315,1.0196624999999995
2017-05-16,0.0,0.0,0.0,0.0,0.0,100475.0,245.0,100475.0,-0.014624937172839081,1.0047499999999994
2017-05-17,50080.0,0.0,23400.0,0.0,0.0,25842.5,247.5,99322.5,-0.011470515053495944,0.9932249999999994
2017-05-18,0.0,0.0,0.0,0.0,24885.0,74803.75,251.25,99688.75,0.0036874826952604245,0.9968874999999994
2017-05-19,49765.0,0.0,23845.0,0.0,0.0,24705.0,255.0,98315.0,-0.013780391468445563,0.9831499999999993
2017-05-22,0.0,0.0,0.0,0.0,0.0,100417.5,257.5,100417.5,0.021385343030056347,1.0041749999999992
2017-05-23,49745.0,0.0,0.0,0.0,0.0,50871.25,258.75,100616.25,0.0019792366868325306,1.0061624999999992
2017-05-24,0.0,0.0,24945.0,0.0,0.0,74988.75,261.25,99933.75,-0.006783198539003443,0.9993374999999991
2017-05-25,50225.0,0.0,0.0,0.0,0.0,51056.25,263.75,101281.25,0.01348393310568241,1.012812499999999
2017-05-26,0.0,0.0,25450.0,0.0,0.0,75458.75,266.25,100908.75,-0.0036778771983955183,1.009087499999999
2017-05-30,0.0,0.0,0.0,0.0,0.0,100482.5,267.5,100482.5,-0.004224113369752369,1.004824999999999
2017-05-31,48990.0,0.0,0.0,0.0,0.0,49831.25,268.75,98821.25,-0.016532729579777583,0.9882124999999989
2017-06-01,0.0,0.0,0.0,0.0,0.0,100695.0,270.0,100695.0,0.01896100282074964,1.006949999999999
2017-06-02,0.0,0.0,0.0,0.0,0.0,100695.0,270.0,100695.0,0.0,1.006949999999999
2017-06-05,0.0,0.0,0.0,0.0,0.0,100695.0,270.0,100695.0,0.0,1.006949999999999
2017-06-06,0.0,0.0,0.0,0.0,25395.0,74928.75,271.25,100323.75,-0.0036868762103381414,1.003237499999999
2017-06-07,0.0,0.0,0.0,0.0,0.0,100637.5,272.5,100637.5,0.0031273751230391778,1.006374999999999
2017-06-08,0.0,0.0,0.0,0.0,0.0,100637.5,272.5,100637.5,0.0,1.006374999999999
2017-06-09,0.0,0.0,0.0,0.0,0.0,100637.5,272.5,100637.5,0.0,1.006374999999999
2017-06-12,0.0,0.0,0.0,0.0,25425.0,75446.25,273.75,100871.25,0.0023226928331885333,1.008712499999999
2017-06-13,0.0,0.0,0.0,0.0,0.0,100365.0,275.0,100365.0,-0.0050187739321164715,1.003649999999999
2017-06-14,0.0,0.0,0.0,0.0,25610.0,75313.75,276.25,100923.75,0.005567179793752874,1.0092374999999991
2017-06-15,0.0,33885.0,25650.0,0.0,0.0,41655.0,280.0,101190.0,0.0026381302716158572,1.0118999999999991
2017-06-16,0.0,0.0,0.0,0.0,25765.0,75786.25,283.75,101551.25,0.0035700168000789567,1.015512499999999
2017-06-19,0.0,34065.0,25430.0,0.0,0.0,41822.5,287.5,101317.5,-0.0023017934294260467,1.0131749999999988
2017-06-20,0.0,0.0,0.0,0.0,25855.0,75633.75,291.25,101488.75,0.0016902312038886702,1.0148874999999988
2017-06-21,0.0,34005.0,25595.0,0.0,0.0,41310.0,295.0,100910.0,-0.005702602505203824,1.0090999999999988
2017-06-22,0.0,0.0,0.0,0.0,25190.0,75741.25,298.75,100931.25,0.00021058368843518416,1.0093124999999987
2017-06-23,0.0,33605.0,0.0,0.0,0.0,66993.75,301.25,100598.75,-0.003294321629822239,1.0059874999999987
2017-06-26,0.0,0.0,0.0,0.0,25050.0,75801.25,303.75,100851.25,0.002509971545372025,1.0085124999999986
2017-06-27,0.0,33205.0,0.0,0.0,0.0,67073.75,306.25,100278.75,-0.0056766772846147395,1.0027874999999986
2017-06-28,0.0,0.0,0.0,0.0,24575.0,75636.25,308.75,100211.25,-0.0006731236677760544,1.0021124999999986
2017-06-29,0.0,33150.0,0.0,0.0,0.0,66863.75,311.25,100013.75,-0.001970836607666282,1.0001374999999986
2017-06-30,0.0,0.0,0.0,0.0,23940.0,75806.25,313.75,99746.25,-0.0026746322380672982,0.9974624999999986
2017-07-03,0.0,0.0,0.0,0.0,0.0,99435.0,315.0,99435.0,-0.0031204180608292997,0.9943499999999986
2017-07-05,0.0,0.0,0.0,0.0,23710.0,75913.75,316.25,99623.75,0.001898224971086604,0.9962374999999986
2017-07-06,0.0,0.0,0.0,0.0,0.0,99472.5,317.5,99472.5,-0.0015182122736797643,0.9947249999999985
2017-07-07,0.0,0.0,0.0,0.0,23680.0,75856.25,318.75,99536.25,0.0006408806454045735,0.9953624999999986
2017-07-10,0.0,0.0,0.0,0.0,0.0,99515.0,320.0,99515.0,-0.00021349006015392025,0.9951499999999986
2017-07-11,0.0,0.0,0.0,0.0,23640.0,75573.75,321.25,99213.75,-0.003027181831884662,0.9921374999999987
2017-07-12,0.0,0.0,0.0,0.0,0.0,99197.5,322.5,99197.5,-0.00016378778143155692,0.9919749999999986
2017-07-13,0.0,0.0,0.0,0.0,23560.0,75806.25,323.75,99366.25,0.0017011517427354406,0.9936624999999986
2017-07-14,0.0,0.0,0.0,0.0,0.0,99505.0,325.0,99505.0,0.0013963493640949398,0.9950499999999985
2017-07-17,0.0,0.0,0.0,0.0,23520.0,75593.75,326.25,99113.75,-0.003931963217928769,0.9911374999999986
2017-07-18,0.0,0.0,0.0,0.0,0.0,99347.5,327.5,99347.5,0.002358401331803206,0.9934749999999987
2017-07-19,0.0,0.0,0.0,0.0,23615.0,75381.25,328.75,98996.25,-0.003535569591585075,0.9899624999999986
2017-07-20,0.0,0.0,0.0,0.0,0.0,99645.0,330.0,99645.0,0.0065532785332778065,0.9964499999999986
2017-07-21,0.0,0.0,0.0,0.0,23940.0,74753.75,331.25,98693.75,-0.009546389683375955,0.9869374999999987
2017-07-24,0.0,0.0,0.0,41925.0,0.0,58241.25,333.75,100166.25,0.014919891077195935,1.0016624999999988
2017-07-25,0.0,0.0,26695.0,0.0,23390.0,48937.5,337.5,99022.5,-0.011418516715959726,0.9902249999999988
2017-07-26,0.0,0.0,0.0,0.0,0.0,99870.0,340.0,99870.0,0.00855866091039914,0.9986999999999988
2017-07-27,0.0,0.0,27015.0,0.0,23910.0,48992.5,342.5,99917.5,0.0004756183037948336,0.9991749999999987
2017-07-28,0.0,0.0,0.0,0.0,0.0,99430.0,345.0,99430.0,-0.004879025195786535,0.9942999999999987
2017-07-31,0.0,0.0,26375.0,41595.0,23965.0,8836.25,348.75,100771.25,0.01348938952026546,1.0077124999999987
2017-08-01,0.0,0.0,0.0,0.0,0.0,99627.5,352.5,99627.5,-0.01134996340722183,0.9962749999999987
2017-08-02,0.0,33880.0,0.0,41400.0,0.0,25525.0,355.0,100805.0,0.011819025871370847,1.0080499999999986
2017-08-03,0.0,0.0,0.0,0.0,24680.0,75366.25,358.75,100046.25,-0.007526908387480824,1.0004624999999985
2017-08-04,0.0,0.0,0.0,41450.0,0.0,59898.75,361.25,101348.75,0.013018978722340924,1.0134874999999985
2017-08-07,0.0,0.0,0.0,0.0,0.0,98772.5,362.5,98772.5,-0.02541965243774591,0.9877249999999985
2017-08-08,0.0,0.0,0.0,41440.0,0.0,59846.25,363.75,101286.25,0.025449897491710782,1.0128624999999984
2017-08-09,0.0,33675.0,0.0,0.0,0.0,64818.75,366.25,98493.75,-0.027570376038208555,0.9849374999999985
2017-08-10,0.0,0.0,0.0,39925.0,0.0,59186.25,368.75,99111.25,0.006269433339678887,0.9911124999999984
2017-08-11,0.0,0.0,0.0,0.0,0.0,98690.0,370.0,98690.0,-0.004250274312956437,0.9868999999999983
2017-08-14,0.0,0.0,0.0,40110.0,0.0,59293.75,371.25,99403.75,0.007232242375113884,0.9940374999999982
2017-08-15,0.0,0.0,0.0,0.0,0.0,98667.5,372.5,98667.5,-0.00740666222350761,0.9866749999999983
2017-08-16,0.0,0.0,0.0,39960.0,0.0,59456.25,373.75,99416.25,0.007588618339372077,0.9941624999999983
2017-08-17,0.0,0.0,0.0,0.0,0.0,98225.0,375.0,98225.0,-0.011982447537500107,0.9822499999999984
2017-08-18,0.0,0.0,0.0,38925.0,0.0,59123.75,376.25,98048.75,-0.0017943497073046322,0.9804874999999984
2017-08-21,0.0,0.0,0.0,0.0,0.0,98282.5,377.5,98282.5,0.002384018154234502,0.9828249999999984
2017-08-22,0.0,0.0,0.0,0.0,0.0,98282.5,377.5,98282.5,0.0,0.9828249999999984
2017-08-23,0.0,0.0,0.0,0.0,0.0,98282.5,377.5,98282.5,0.0,0.9828249999999984
2017-08-24,0.0,0.0,0.0,39395.0,0.0,60206.25,378.75,99601.25,0.013417953348765055,0.9960124999999984
2017-08-25,0.0,0.0,0.0,0.0,0.0,97610.0,380.0,97610.0,-0.019992218973155507,0.9760999999999984
2017-08-28,0.0,0.0,0.0,39210.0,0.0,59948.75,381.25,99158.75,0.015866714475975874,0.9915874999999984
2017-08-29,47260.0,0.0,0.0,0.0,0.0,51821.25,383.75,99081.25,-0.0007815749996848975,0.9908124999999983
2017-08-30,0.0,0.0,0.0,39100.0,0.0,59728.75,386.25,98828.75,-0.002548413549485873,0.9882874999999983
2017-08-31,47345.0,0.0,0.0,0.0,0.0,52071.25,388.75,99416.25,0.005944626437144995,0.9941624999999983
2017-09-01,0.0,0.0,0.0,39480.0,0.0,59548.75,391.25,99028.75,-0.0038977531339192684,0.9902874999999983
2017-09-05,45230.0,0.0,0.0,0.0,0.0,52506.25,393.75,97736.25,-0.0130517652701867,0.9773624999999984
2017-09-06,0.0,0.0,0.0,38075.0,0.0,58943.75,396.25,97018.75,-0.0073411861003466194,0.9701874999999983
2017-09-07,43870.0,0.0,0.0,0.0,0.0,53041.25,398.75,96911.25,-0.001108033240997175,0.9691124999999984
2017-09-08,0.0,34045.0,0.0,37660.0,0.0,25157.5,402.5,96862.5,-0.0005030375730371572,0.9686249999999984
2017-09-11,46670.0,0.0,0.0,0.0,0.0,52958.75,406.25,99628.75,0.028558523680474845,0.9962874999999983
2017-09-12,0.0,33805.0,0.0,39110.0,24780.0,1373.75,411.25,99068.75,-0.005620867470484181,0.9906874999999983
2017-09-13,46885.0,0.0,28190.0,0.0,0.0,25227.5,417.5,100302.5,0.012453472967005164,1.0030249999999983
2017-09-14,0.0,0.0,0.0,39150.0,25200.0,34137.5,422.5,98487.5,-0.01809526183295529,0.9848749999999983
2017-09-15,46925.0,0.0,28090.0,0.0,0.0,25312.5,427.5,100327.5,0.01868257393070194,1.0032749999999984
2017-09-18,0.0,0.0,0.0,40460.0,25035.0,34182.5,432.5,99677.5,-0.006478781988986104,0.9967749999999983
2017-09-19,46485.0,0.0,28130.0,0.0,0.0,25527.5,437.5,100142.5,0.0046650447693812325,1.0014249999999982
2017-09-20,0.0,0.0,0.0,41160.0,0.0,58648.75,441.25,99808.75,-0.0033327508300671216,0.9980874999999982
2017-09-21,46800.0,33235.0,27785.0,0.0,0.0,-6721.25,446.25,101098.75,0.012924718524177425,1.0109874999999982
2017-09-22,0.0,0.0,0.0,41455.0,0.0,59023.75,451.25,100478.75,-0.006132617861249523,1.0047874999999982
2017-09-25,47470.0,33040.0,27585.0,0.0,0.0,-6706.25,456.25,101388.75,0.009056641329634463,1.0138874999999983
2017-09-26,0.0,0.0,0.0,41475.0,0.0,59068.75,461.25,100543.75,-0.008334257992134275,1.0054374999999982
2017-09-27,47825.0,32810.0,0.0,0.0,0.0,21080.0,465.0,101715.0,0.011649157704979096,1.017149999999998
2017-09-28,0.0,0.0,0.0,42285.0,0.0,58946.25,468.75,101231.25,-0.0047559357026987215,1.012312499999998
2017-09-29,47760.0,32965.0,0.0,0.0,0.0,21242.5,472.5,101967.5,0.007272951781194026,1.0196749999999979
2017-10-02,0.0,0.0,0.0,42275.0,0.0,59663.75,476.25,101938.75,-0.00028195258293084446,1.019387499999998
2017-10-03,47850.0,32775.0,0.0,0.0,0.0,20725.0,480.0,101350.0,-0.005775526970852596,1.0134999999999978
2017-10-04,0.0,0.0,0.0,42765.0,0.0,59646.25,483.75,102411.25,0.010471139615194858,1.0241124999999978
2017-10-05,0.0,33285.0,0.0,0.0,0.0,68258.75,486.25,101543.75,-0.008470749063213323,1.0154374999999978
2017-10-06,0.0,0.0,0.0,43135.0,0.0,58961.25,488.75,102096.25,0.005441004493137225,1.0209624999999978
2017-10-09,47800.0,0.0,0.0,0.0,0.0,51248.75,491.25,99048.75,-0.029849284376262553,0.9904874999999979
2017-10-10,0.0,0.0,0.0,43240.0,0.0,57876.25,493.75,101116.25,0.020873559736998226,1.0111624999999977
2017-10-11,0.0,0.0,0.0,0.0,0.0,101035.0,495.0,101035.0,-0.0008035305897914347,1.0103499999999979
2017-10-12,0.0,0.0,0.0,43165.0,0.0,57853.75,496.25,101018.75,-0.0001608353540851759,1.0101874999999978
2017-10-13,0.0,0.0,0.0,0.0,0.0,100717.5,497.5,100717.5,-0.0029821196560044783,1.0071749999999977
2017-10-16,0.0,0.0,0.0,42820.0,0.0,58426.25,498.75,101246.25,0.005249832452155712,1.0124624999999976
2017-10-17,0.0,0.0,0.0,0.0,0.0,101170.0,500.0,101170.0,-0.0007531143128758355,1.0116999999999976
2017-10-18,0.0,0.0,0.0,42655.0,0.0,58663.75,501.25,101318.75,0.001470297519027275,1.0131874999999975
2017-10-19,0.0,0.0,0.0,0.0,0.0,101052.5,502.5,101052.5,-0.0026278452902350757,1.0105249999999975
2017-10-20,0.0,0.0,0.0,43315.0,0.0,59146.25,503.75,102461.25,0.01394077336038202,1.0246124999999975
2017-10-23,0.0,0.0,28180.0,0.0,0.0,73428.75,506.25,101608.75,-0.008320218619234154,1.0160874999999974
2017-10-24,0.0,0.0,0.0,0.0,0.0,102262.5,507.5,102262.5,0.006433993135433802,1.0226249999999975
2017-10-25,0.0,0.0,28250.0,0.0,26105.0,47675.0,510.0,102030.0,-0.002273560689402321,1.0202999999999973
2017-10-26,0.0,0.0,0.0,42290.0,0.0,60476.25,513.75,102766.25,0.0072160148975790595,1.0276624999999973
2017-10-27,0.0,0.0,0.0,0.0,26045.0,76673.75,516.25,102718.75,-0.0004622140050843937,1.0271874999999973
2017-10-30,0.0,0.0,0.0,42505.0,0.0,60871.25,518.75,103376.25,0.006400973532096232,1.0337624999999973
2017-10-31,0.0,0.0,0.0,0.0,26100.0,76963.75,521.25,103063.75,-0.0030229380539533723,1.0306374999999972
2017-11-01,0.0,0.0,0.0,0.0,0.0,102872.5,522.5,102872.5,-0.001855647596754384,1.0287249999999972
2017-11-02,0.0,0.0,0.0,0.0,26625.0,76716.25,523.75,103341.25,0.004556611339279204,1.0334124999999972
2017-11-03,0.0,0.0,0.0,0.0,0.0,102675.0,525.0,102675.0,-0.006447086715130723,1.0267499999999972
2017-11-06,0.0,34605.0,0.0,0.0,25825.0,42092.5,527.5,102522.5,-0.0014852690528366352,1.0252249999999972
2017-11-07,0.0,0.0,0.0,0.0,0.0,101735.0,530.0,101735.0,-0.007681240703260261,1.017349999999997
2017-11-08,0.0,35185.0,29000.0,0.0,25885.0,11601.25,533.75,101671.25,-0.0006266280041283823,1.016712499999997
2017-11-09,0.0,0.0,0.0,0.0,0.0,101932.5,537.5,101932.5,0.0025695562904950453,1.019324999999997
2017-11-10,0.0,34625.0,30580.0,0.0,25680.0,11543.75,541.25,102428.75,0.004868417825521831,1.024287499999997
2017-11-13,0.0,0.0,0.0,0.0,0.0,102215.0,545.0,102215.0,-0.0020868164455780658,1.0221499999999968
2017-11-14,0.0,34990.0,0.0,0.0,26155.0,42617.5,547.5,103762.5,0.015139656606173224,1.0376249999999967
2017-11-15,0.0,0.0,0.0,0.0,0.0,101810.0,550.0,101810.0,-0.01881700999879532,1.0180999999999967
2017-11-16,0.0,34610.0,0.0,0.0,25970.0,42892.5,552.5,103472.5,0.016329437186916707,1.0347249999999966
2017-11-17,0.0,0.0,0.0,0.0,0.0,101900.0,555.0,101900.0,-0.015197274638188873,1.0189999999999966
2017-11-20,0.0,33960.0,0.0,0.0,0.0,68633.75,556.25,102593.75,0.006808145240431829,1.0259374999999966
2017-11-21,0.0,0.0,0.0,0.0,0.0,101782.5,557.5,101782.5,-0.007907401766676814,1.0178249999999966
2017-11-22,0.0,34070.0,0.0,0.0,25680.0,43845.0,560.0,103595.0,0.0178075798884878,1.0359499999999966
2017-11-24,0.0,0.0,0.0,42475.0,0.0,58126.25,563.75,100601.25,-0.02889859549206042,1.0060124999999966
2017-11-27,0.0,33815.0,0.0,0.0,0.0,69778.75,566.25,103593.75,0.029746151265516163,1.0359374999999966
2017-11-28,0.0,0.0,0.0,0.0,0.0,102682.5,567.5,102682.5,-0.008796380090497768,1.0268249999999965
2017-11-29,0.0,33370.0,0.0,44200.0,0.0,25200.0,570.0,102770.0,0.0008521413093760533,1.0276999999999965
2017-11-30,0.0,0.0,0.0,0.0,0.0,103112.5,572.5,103112.5,0.0033326846355941075,1.0311249999999965
2017-12-01,0.0,33265.0,0.0,44120.0,0.0,26365.0,575.0,103750.0,0.0061825675839495275,1.0374999999999965
2017-12-04,0.0,0.0,0.0,0.0,0.0,102382.5,577.5,102382.5,-0.013180722891566243,1.0238249999999967
2017-12-05,0.0,32755.000000000004,0.0,44160.0,0.0,25430.0,580.0,102345.0,-0.0003662735330745015,1.0234499999999966
2017-12-06,0.0,0.0,0.0,0.0,0.0,102702.5,582.5,102702.5,0.0034930871073330927,1.0270249999999967
2017-12-07,0.0,32575.000000000004,0.0,44230.0,0.0,26215.0,585.0,103020.0,0.0030914534699739704,1.0301999999999967
2017-12-08,0.0,0.0,0.0,0.0,0.0,102267.5,587.5,102267.5,-0.007304406911279315,1.0226749999999967
2017-12-11,0.0,32960.0,0.0,0.0,0.0,70571.25,588.75,103531.25,0.01235729826191112,1.0353124999999965
2017-12-12,0.0,0.0,0.0,0.0,0.0,102470.0,590.0,102470.0,-0.010250528222155109,1.0246999999999966
2017-12-13,0.0,32815.0,0.0,0.0,0.0,70418.75,591.25,103233.75,0.007453400995413251,1.0323374999999966
2017-12-14,0.0,0.0,0.0,0.0,0.0,102457.5,592.5,102457.5,-0.007519343238039933,1.0245749999999965
2017-12-15,0.0,32830.0,0.0,0.0,0.0,70331.25,593.75,103161.25,0.006868701656784548,1.0316124999999965
2017-12-18,0.0,0.0,0.0,0.0,0.0,102215.0,595.0,102215.0,-0.009172533291327944,1.0221499999999966
2017-12-19,0.0,32150.0,0.0,0.0,0.0,70458.75,596.25,102608.75,0.003852174338404346,1.0260874999999965
2017-12-20,0.0,0.0,0.0,0.0,0.0,102377.5,597.5,102377.5,-0.0022537064334181567,1.0237749999999965
2017-12-21,0.0,0.0,0.0,0.0,0.0,102377.5,597.5,102377.5,0.0,1.0237749999999965
2017-12-22,0.0,0.0,0.0,0.0,0.0,102377.5,597.5,102377.5,0.0,1.0237749999999965
2017-12-26,0.0,0.0,0.0,0.0,0.0,102377.5,597.5,102377.5,0.0,1.0237749999999965
2017-12-27,0.0,0.0,0.0,0.0,0.0,102377.5,597.5,102377.5,0.0,1.0237749999999965
2017-12-28,0.0,0.0,0.0,0.0,0.0,102377.5,597.5,102377.5,0.0,1.0237749999999965
2017-12-29,0.0,0.0,0.0,0.0,0.0,102377.5,597.5,102377.5,0.0,1.0237749999999965
2018-01-02,0.0,0.0,0.0,0.0,0.0,102377.5,597.5,102377.5,0.0,1.0237749999999965
2018-01-03,0.0,0.0,0.0,0.0,0.0,102377.5,597.5,102377.5,0.0,1.0237749999999965
2018-01-04,0.0,0.0,0.0,0.0,0.0,102377.5,597.5,102377.5,0.0,1.0237749999999965
2018-01-05,0.0,0.0,0.0,0.0,0.0,102377.5,597.5,102377.5,0.0,1.0237749999999965
2018-01-08,0.0,0.0,0.0,0.0,0.0,102377.5,597.5,102377.5,0.0,1.0237749999999965
2018-01-09,0.0,0.0,0.0,0.0,0.0,102377.5,597.5,102377.5,0.0,1.0237749999999965
2018-01-10,0.0,0.0,0.0,0.0,0.0,102377.5,597.5,102377.5,0.0,1.0237749999999965
2018-01-11,0.0,0.0,0.0,0.0,0.0,102377.5,597.5,102377.5,0.0,1.0237749999999965
2018-01-12,47695.0,0.0,0.0,0.0,0.0,54861.25,598.75,102556.25,0.0017459891089350865,1.0255624999999966
2018-01-16,0.0,0.0,0.0,0.0,0.0,102605.0,600.0,102605.0,0.0004753488938997741,1.0260499999999968
2018-01-17,0.0,0.0,0.0,0.0,0.0,102605.0,600.0,102605.0,0.0,1.0260499999999968
2018-01-18,0.0,0.0,0.0,0.0,0.0,102605.0,600.0,102605.0,0.0,1.0260499999999968
2018-01-19,0.0,0.0,0.0,0.0,22220.0,80048.75,601.25,102268.75,-0.0032771307441157305,1.0226874999999969
2018-01-22,0.0,0.0,0.0,0.0,0.0,102237.5,602.5,102237.5,-0.0003055674387337781,1.0223749999999967
2018-01-23,0.0,0.0,0.0,0.0,0.0,102237.5,602.5,102237.5,0.0,1.0223749999999967
2018-01-24,0.0,0.0,0.0,48450.0,0.0,57341.25,603.75,105791.25,0.03475975058075553,1.0579124999999965
2018-01-25,0.0,0.0,33900.0,0.0,0.0,70943.75,606.25,104843.75,-0.008956317275767178,1.0484374999999964
2018-01-26,0.0,0.0,0.0,49130.0,0.0,57691.25,608.75,106821.25,0.018861400894187863,1.0682124999999965
2018-01-29,0.0,0.0,34145.0,0.0,0.0,69723.75,611.25,103868.75,-0.02763963162760219,1.0386874999999967
2018-01-30,0.0,0.0,0.0,47855.0,0.0,57626.25,613.75,105481.25,0.015524399783380494,1.0548124999999966
2018-01-31,0.0,0.0,0.0,0.0,0.0,102130.0,615.0,102130.0,-0.03177104935711328,1.0212999999999968
2018-02-01,46530.0,0.0,0.0,48680.0,0.0,13602.5,617.5,108812.5,0.06543131303240957,1.0881249999999965
2018-02-02,0.0,0.0,33315.0,0.0,0.0,71978.75,621.25,105293.75,-0.03233773693279729,1.0529374999999965
2018-02-05,44090.0,29025.0,0.0,44895.0,0.0,-14866.25,626.25,103143.75,-0.020419065709028295,1.0314374999999967
2018-02-06,0.0,0.0,0.0,0.0,0.0,105355.0,630.0,105355.0,0.02143852632854637,1.0535499999999967
2018-02-07,44245.0,28430.0,0.0,0.0,0.0,32242.5,632.5,104917.5,-0.004152626833088147,1.0491749999999966
2018-02-08,0.0,0.0,0.0,0.0,0.0,104305.0,635.0,104305.0,-0.005837920270688857,1.0430499999999967
2018-02-09,0.0,0.0,0.0,0.0,0.0,104305.0,635.0,104305.0,0.0,1.0430499999999967
2018-02-12,0.0,0.0,0.0,44505.0,0.0,58568.75,636.25,103073.75,-0.011804323857916632,1.0307374999999968
2018-02-13,44160.0,0.0,0.0,0.0,0.0,60646.25,638.75,104806.25,0.01680835324221741,1.0480624999999968
2018-02-14,0.0,0.0,0.0,0.0,0.0,104320.0,640.0,104320.0,-0.004639513387798888,1.0431999999999968
2018-02-15,0.0,0.0,0.0,0.0,0.0,104320.0,640.0,104320.0,0.0,1.0431999999999968
2018-02-16,0.0,0.0,0.0,0.0,0.0,104320.0,640.0,104320.0,0.0,1.0431999999999968
2018-02-20,0.0,0.0,0.0,0.0,0.0,104320.0,640.0,104320.0,0.0,1.0431999999999968
2018-02-21,0.0,0.0,0.0,0.0,0.0,104320.0,640.0,104320.0,0.0,1.0431999999999968
2018-02-22,0.0,0.0,0.0,0.0,0.0,104320.0,640.0,104320.0,0.0,1.0431999999999968
2018-02-23,0.0,0.0,0.0,45735.0,0.0,56318.75,641.25,102053.75,-0.02172402223926384,1.0205374999999968
2018-02-26,0.0,0.0,0.0,0.0,0.0,104447.5,642.5,104447.5,0.023455776980267684,1.0444749999999967
2018-02-27,0.0,27915.0,0.0,0.0,0.0,74691.25,643.75,102606.25,-0.0176284736350798,1.0260624999999968
2018-02-28,0.0,0.0,0.0,46355.0,0.0,55318.75,646.25,101673.75,-0.009088140342328077,1.0167374999999967
2018-03-01,0.0,28160.0,0.0,0.0,0.0,74256.25,648.75,102416.25,0.007302769888983152,1.0241624999999968
2018-03-02,0.0,0.0,0.0,45930.0,0.0,56113.75,651.25,102043.75,-0.003637118133108741,1.0204374999999968
2018-03-05,0.0,28235.0,0.0,0.0,0.0,73961.25,653.75,102196.25,0.0014944570343602415,1.0219624999999968
2018-03-06,0.0,0.0,0.0,47925.0,0.0,55288.75,656.25,103213.75,0.009956334014212809,1.0321374999999966
2018-03-07,0.0,28915.0,0.0,0.0,0.0,73386.25,658.75,102301.25,-0.008840876336728365,1.0230124999999965
2018-03-08,0.0,0.0,0.0,48130.0,0.0,55293.75,661.25,103423.75,0.010972495448491548,1.0342374999999964
2018-03-09,0.0,29755.0,0.0,0.0,0.0,73651.25,663.75,103406.25,-0.00016920678277476675,1.0340624999999963
2018-03-12,0.0,0.0,0.0,49120.0,0.0,57723.75,666.25,106843.75,0.03324267150196425,1.0684374999999962
2018-03-13,0.0,0.0,0.0,0.0,0.0,101297.5,667.5,101297.5,-0.0519099151798772,1.0129749999999964
2018-03-14,0.0,0.0,0.0,0.0,0.0,101297.5,667.5,101297.5,0.0,1.0129749999999964
2018-03-15,0.0,0.0,0.0,0.0,0.0,101297.5,667.5,101297.5,0.0,1.0129749999999964
2018-03-16,0.0,0.0,0.0,0.0,0.0,101297.5,667.5,101297.5,0.0,1.0129749999999964
2018-03-19,0.0,0.0,0.0,0.0,0.0,101297.5,667.5,101297.5,0.0,1.0129749999999964
2018-03-20,0.0,0.0,0.0,0.0,0.0,101297.5,667.5,101297.5,0.0,1.0129749999999964
2018-03-21,0.0,0.0,0.0,0.0,0.0,101297.5,667.5,101297.5,0.0,1.0129749999999964
2018-03-22,0.0,0.0,0.0,0.0,0.0,101297.5,667.5,101297.5,0.0,1.0129749999999964
2018-03-23,0.0,0.0,0.0,0.0,0.0,101297.5,667.5,101297.5,0.0,1.0129749999999964
2018-03-26,0.0,0.0,0.0,0.0,0.0,101297.5,667.5,101297.5,0.0,1.0129749999999964
2018-03-27,0.0,0.0,0.0,0.0,0.0,101297.5,667.5,101297.5,0.0,1.0129749999999964
2018-03-28,0.0,0.0,0.0,0.0,0.0,101297.5,667.5,101297.5,0.0,1.0129749999999964
2018-03-29,0.0,0.0,0.0,0.0,0.0,101297.5,667.5,101297.5,0.0,1.0129749999999964
2018-04-02,0.0,0.0,0.0,43165.0,0.0,57731.25,668.75,100896.25,-0.003961104666946325,1.0089624999999964
2018-04-03,0.0,31175.0,0.0,0.0,0.0,69673.75,671.25,100848.75,-0.0004707806286160521,1.0084874999999964
2018-04-04,0.0,0.0,0.0,44060.0,0.0,57236.25,673.75,101296.25,0.004437338092936116,1.0129624999999962
2018-04-05,0.0,0.0,0.0,0.0,0.0,100730.0,675.0,100730.0,-0.005590039117933765,1.0072999999999963
2018-04-06,0.0,0.0,0.0,42410.0,0.0,57438.75,676.25,99848.75,-0.008748634964757307,0.9984874999999963
2018-04-09,0.0,31150.0,0.0,0.0,0.0,71091.25,678.75,102241.25,0.023961241377583598,1.0224124999999962
2018-04-10,0.0,0.0,0.0,0.0,0.0,101145.0,680.0,101145.0,-0.010722188940373911,1.0114499999999962
2018-04-11,0.0,31265.0,0.0,0.0,0.0,70938.75,681.25,102203.75,0.01046764545948875,1.022037499999996
2018-04-12,0.0,0.0,0.0,43565.0,0.0,57836.25,683.75,101401.25,-0.007851962379071264,1.014012499999996
2018-04-13,0.0,30825.0,0.0,0.0,0.0,71088.75,686.25,101913.75,0.0050541783262041395,1.019137499999996
2018-04-16,0.0,0.0,0.0,0.0,0.0,101652.5,687.5,101652.5,-0.002563442126307769,1.0165249999999961
2018-04-17,0.0,0.0,0.0,0.0,0.0,101652.5,687.5,101652.5,0.0,1.0165249999999961
2018-04-18,0.0,0.0,0.0,43290.0,0.0,56776.25,688.75,100066.25,-0.015604633432527493,1.0006624999999962
2018-04-19,0.0,0.0,0.0,0.0,0.0,101750.0,690.0,101750.0,0.01682635254144138,1.0174999999999963
2018-04-20,0.0,0.0,0.0,0.0,0.0,101750.0,690.0,101750.0,0.0,1.0174999999999963
2018-04-23,0.0,0.0,0.0,0.0,0.0,101750.0,690.0,101750.0,0.0,1.0174999999999963
2018-04-24,0.0,0.0,0.0,0.0,0.0,101750.0,690.0,101750.0,0.0,1.0174999999999963
2018-04-25,0.0,0.0,0.0,0.0,0.0,101750.0,690.0,101750.0,0.0,1.0174999999999963
2018-04-26,0.0,0.0,0.0,0.0,0.0,101750.0,690.0,101750.0,0.0,1.0174999999999963
2018-04-27,46995.0,0.0,0.0,0.0,23200.0,36657.5,692.5,106852.5,0.05014742014742013,1.0685249999999962
2018-04-30,0.0,0.0,0.0,0.0,0.0,102790.0,695.0,102790.0,-0.0380197000538125,1.0278999999999963
2018-05-01,0.0,0.0,0.0,0.0,0.0,102790.0,695.0,102790.0,0.0,1.0278999999999963
2018-05-02,0.0,0.0,0.0,0.0,0.0,102790.0,695.0,102790.0,0.0,1.0278999999999963
2018-05-03,0.0,0.0,0.0,0.0,0.0,102790.0,695.0,102790.0,0.0,1.0278999999999963
2018-05-04,0.0,0.0,0.0,0.0,0.0,102790.0,695.0,102790.0,0.0,1.0278999999999963
2018-05-07,0.0,0.0,0.0,0.0,0.0,102790.0,695.0,102790.0,0.0,1.0278999999999963
2018-05-08,0.0,0.0,0.0,0.0,22075.0,81423.75,696.25,103498.75,0.006895125985018069,1.0349874999999964
2018-05-09,0.0,0.0,0.0,0.0,0.0,103142.5,697.5,103142.5,-0.0034420705564076615,1.0314249999999965
2018-05-10,0.0,0.0,0.0,46560.0,0.0,52276.25,698.75,98836.25,-0.04175049082579929,0.9883624999999966
2018-05-11,0.0,0.0,0.0,0.0,0.0,102785.0,700.0,102785.0,0.039952446597275815,1.0278499999999964
2018-05-14,0.0,0.0,0.0,46895.0,0.0,52533.75,701.25,99428.75,-0.032653110862479906,0.9942874999999965
2018-05-15,0.0,0.0,0.0,0.0,0.0,102267.5,702.5,102267.5,0.028550595275511403,1.0226749999999964
2018-05-16,46970.0,0.0,0.0,48205.0,0.0,6740.0,705.0,101915.0,-0.0034468428386339456,1.0191499999999964
2018-05-17,0.0,0.0,0.0,0.0,0.0,103297.5,707.5,103297.5,0.013565225923563684,1.0329749999999964
2018-05-18,47960.0,0.0,24735.0,49525.0,0.0,-17241.25,711.25,104978.75,0.01627580531958661,1.0497874999999963
2018-05-21,0.0,0.0,0.0,0.0,0.0,104515.0,715.0,104515.0,-0.004417560696807654,1.0451499999999965
2018-05-22,48045.0,0.0,24840.0,50865.0,0.0,-17793.75,718.75,105956.25,0.013789886619145486,1.0595624999999964
2018-05-23,0.0,0.0,0.0,0.0,0.0,104272.5,722.5,104272.5,-0.015890992744647003,1.0427249999999963
2018-05-24,48570.0,0.0,24810.0,0.0,0.0,29920.0,725.0,103300.0,-0.009326524251360602,1.0329999999999964
2018-05-25,0.0,0.0,0.0,0.0,0.0,105082.5,727.5,105082.5,0.017255566311713544,1.0508249999999963
2018-05-29,47660.0,0.0,24645.0,0.0,0.0,28195.0,730.0,100500.0,-0.04360859324816213,1.0049999999999966
2018-05-30,0.0,0.0,0.0,0.0,0.0,103787.5,732.5,103787.5,0.032711442786069744,1.0378749999999966
2018-05-31,46675.0,31995.0,25580.0,0.0,0.0,-4386.249999999996,736.25,99863.75,-0.03780561242924241,0.9986374999999967
2018-06-01,0.0,0.0,0.0,0.0,0.0,103855.0,740.0,103855.0,0.03996695497615499,1.0385499999999965
2018-06-04,47105.0,32305.0,25895.0,0.0,0.0,-3928.75,743.75,101376.25,-0.023867411294593466,1.0137624999999966
2018-06-05,0.0,0.0,0.0,0.0,0.0,103767.5,747.5,103767.5,0.023587871912799985,1.0376749999999964
2018-06-06,47750.0,32165.0,26600.0,0.0,0.0,-3106.25,751.25,103408.75,-0.0034572481750065887,1.0340874999999965
2018-06-07,0.0,0.0,0.0,0.0,0.0,105635.0,755.0,105635.0,0.021528642402117715,1.0563499999999963
2018-06-08,0.0,32299.999999999996,0.0,0.0,0.0,74303.75,756.25,106603.75,0.009170729398400246,1.0660374999999964
2018-06-11,0.0,0.0,0.0,0.0,0.0,105732.5,757.5,105732.5,-0.008172789418758764,1.0573249999999963
2018-06-12,0.0,32104.999999999996,0.0,0.0,0.0,74171.25,758.75,106276.25,0.005142695008630183,1.0627624999999963
2018-06-13,0.0,0.0,0.0,49505.0,21890.0,35872.5,762.5,107267.5,0.009327107420519676,1.0726749999999963
2018-06-14,0.0,0.0,0.0,0.0,0.0,105430.0,765.0,105430.0,-0.017130072016221076,1.0542999999999965
2018-06-15,0.0,0.0,0.0,48815.0,22215.0,36702.5,767.5,107732.5,0.021839134971070928,1.0773249999999965
2018-06-18,0.0,0.0,0.0,0.0,0.0,105135.0,770.0,105135.0,-0.024110644420207494,1.0513499999999967
2018-06-19,0.0,0.0,0.0,48475.0,22530.0,37302.5,772.5,108307.5,0.030175488657440352,1.0830749999999965
2018-06-20,0.0,0.0,0.0,0.0,0.0,105900.0,775.0,105900.0,-0.022228377536181676,1.0589999999999966
2018-06-21,0.0,0.0,0.0,48250.0,22645.0,37922.5,777.5,108817.5,0.027549575070821453,1.0881749999999963
2018-06-22,0.0,0.0,0.0,0.0,0.0,105790.0,780.0,105790.0,-0.027821811749029313,1.0578999999999965
2018-06-25,0.0,0.0,0.0,46825.0,23300.0,37067.5,782.5,107192.5,0.01325739672936943,1.0719249999999965
2018-06-26,0.0,0.0,0.0,0.0,0.0,106445.0,785.0,106445.0,-0.006973435641486114,1.0644499999999966
2018-06-27,0.0,0.0,0.0,45560.0,23165.0,36627.5,787.5,105352.5,-0.01026351636995626,1.0535249999999967
2018-06-28,0.0,0.0,0.0,0.0,0.0,106300.0,790.0,106300.0,0.008993616667853255,1.0629999999999968
2018-06-29,0.0,0.0,0.0,0.0,23155.0,82308.75,791.25,105463.75,-0.00786688617121356,1.0546374999999968
2018-07-02,0.0,0.0,0.0,0.0,0.0,106287.5,792.5,106287.5,0.007810740657334891,1.0628749999999967
2018-07-03,0.0,0.0,0.0,0.0,23500.0,82431.25,793.75,105931.25,-0.003351758202987165,1.0593124999999968
2018-07-05,0.0,0.0,0.0,44090.0,0.0,58738.75,796.25,102828.75,-0.02928786359077229,1.028287499999997
2018-07-06,0.0,32395.000000000004,0.0,0.0,23880.0,51050.0,800.0,107325.0,0.0437256117574123,1.073249999999997
2018-07-09,0.0,0.0,0.0,46195.0,0.0,59791.25,803.75,105986.25,-0.012473794549266226,1.059862499999997
2018-07-10,0.0,32435.000000000004,0.0,0.0,23670.0,51952.5,807.5,108057.5,0.019542629350505436,1.080574999999997
2018-07-11,0.0,0.0,0.0,45790.0,0.0,58963.75,811.25,104753.75,-0.030573999953728337,1.0475374999999971
2018-07-12,0.0,32564.999999999996,0.0,0.0,0.0,75436.25,813.75,108001.25,0.031001276803932942,1.080012499999997
2018-07-13,0.0,0.0,0.0,46500.0,0.0,59108.75,816.25,105608.75,-0.022152521382854395,1.056087499999997
2018-07-16,0.0,0.0,0.0,0.0,0.0,105707.5,817.5,105707.5,0.0009350550972337945,1.0570749999999969
2018-07-17,0.0,0.0,0.0,47515.0,0.0,59156.25,818.75,106671.25,0.009117139275831798,1.0667124999999968
2018-07-18,0.0,0.0,0.0,0.0,0.0,104655.0,820.0,104655.0,-0.01890153157481511,1.046549999999997
2018-07-19,0.0,0.0,0.0,0.0,0.0,104655.0,820.0,104655.0,0.0,1.046549999999997
2018-07-20,0.0,0.0,30790.0,0.0,0.0,75268.75,821.25,106058.75,0.01341311929673683,1.060587499999997
2018-07-23,0.0,0.0,0.0,0.0,0.0,104942.5,822.5,104942.5,-0.010524827041616058,1.049424999999997
2018-07-24,0.0,0.0,0.0,0.0,0.0,104942.5,822.5,104942.5,0.0,1.049424999999997
2018-07-25,0.0,0.0,0.0,0.0,0.0,104942.5,822.5,104942.5,0.0,1.049424999999997
2018-07-26,0.0,0.0,0.0,46600.0,0.0,58826.25,823.75,105426.25,0.004609667198704148,1.054262499999997
2018-07-27,0.0,0.0,0.0,0.0,0.0,104675.0,825.0,104675.0,-0.007125834410310561,1.046749999999997
2018-07-30,0.0,0.0,0.0,0.0,0.0,104675.0,825.0,104675.0,0.0,1.046749999999997
2018-07-31,0.0,0.0,0.0,0.0,24300.0,81608.75,826.25,105908.75,0.011786481967996254,1.059087499999997
2018-08-01,0.0,0.0,0.0,0.0,0.0,104807.5,827.5,104807.5,-0.010398102139813736,1.0480749999999972
2018-08-02,0.0,0.0,0.0,0.0,24235.0,81446.25,828.75,105681.25,0.008336712544426694,1.0568124999999973
2018-08-03,0.0,0.0,0.0,0.0,0.0,105020.0,830.0,105020.0,-0.006257022887219854,1.0501999999999974
2018-08-06,0.0,0.0,0.0,0.0,0.0,105020.0,830.0,105020.0,0.0,1.0501999999999974
2018-08-07,53230.0,0.0,0.0,0.0,0.0,52383.75,831.25,105613.75,0.0056536850123785065,1.0561374999999973
2018-08-08,0.0,0.0,0.0,0.0,0.0,104972.5,832.5,104972.5,-0.006071652602052335,1.0497249999999974
2018-08-09,0.0,0.0,0.0,0.0,23405.0,81971.25,833.75,105376.25,0.0038462454452357075,1.0537624999999975
2018-08-10,0.0,0.0,0.0,0.0,0.0,104600.0,835.0,104600.0,-0.007366460658829621,1.0459999999999976
2018-08-13,0.0,0.0,0.0,0.0,23200.0,82028.75,836.25,105228.75,0.006010994263862424,1.0522874999999976
2018-08-14,0.0,0.0,0.0,0.0,0.0,104542.5,837.5,104542.5,-0.006521506717508285,1.0454249999999976
2018-08-15,0.0,0.0,0.0,0.0,0.0,104542.5,837.5,104542.5,0.0,1.0454249999999976
2018-08-16,0.0,0.0,0.0,45680.0,23750.0,35415.0,840.0,104845.0,0.0028935600353923174,1.0484499999999977
2018-08-17,0.0,0.0,0.0,0.0,0.0,104717.5,842.5,104717.5,-0.001216080881300985,1.0471749999999977
2018-08-20,0.0,0.0,0.0,45705.0,23305.0,36215.0,845.0,105225.0,0.004846372382839581,1.0522499999999977
2018-08-21,0.0,0.0,0.0,0.0,0.0,104622.5,847.5,104622.5,-0.005725825611784252,1.0462249999999977
2018-08-22,0.0,0.0,0.0,45705.0,22630.0,35925.0,850.0,104260.0,-0.0034648378694831505,1.0425999999999978
2018-08-23,0.0,0.0,0.0,0.0,0.0,104892.5,852.5,104892.5,0.006066564358334858,1.0489249999999977
2018-08-24,0.0,0.0,0.0,0.0,22515.0,82011.25,853.75,104526.25,-0.0034916700431394387,1.0452624999999975
2018-08-27,0.0,0.0,0.0,46455.0,0.0,58083.75,856.25,104538.75,0.00011958718503723986,1.0453874999999975
2018-08-28,0.0,0.0,0.0,0.0,22165.0,82121.25,858.75,104286.25,-0.0024153722901795183,1.0428624999999974
2018-08-29,0.0,0.0,0.0,0.0,0.0,104205.0,860.0,104205.0,-0.0007791055867863994,1.0420499999999973
2018-08-30,0.0,0.0,0.0,0.0,0.0,104205.0,860.0,104205.0,0.0,1.0420499999999973
2018-08-31,0.0,0.0,0.0,0.0,0.0,104205.0,860.0,104205.0,0.0,1.0420499999999973
2018-09-04,0.0,0.0,0.0,46750.0,0.0,57923.75,861.25,104673.75,0.0044983446091837465,1.0467374999999972
2018-09-05,0.0,0.0,0.0,0.0,0.0,103577.5,862.5,103577.5,-0.01047301735153272,1.0357749999999972
2018-09-06,51675.0,0.0,0.0,45910.0,0.0,5000.0,865.0,102585.0,-0.009582196905698614,1.0258499999999973
2018-09-07,0.0,0.0,0.0,0.0,0.0,104427.5,867.5,104427.5,0.017960715504216074,1.0442749999999972
2018-09-10,50835.0,0.0,0.0,0.0,0.0,51621.25,868.75,102456.25,-0.018876732661415763,1.0245624999999974
2018-09-11,0.0,0.0,29045.0,0.0,0.0,74298.75,871.25,103343.75,0.00866223388031484,1.0334374999999973
2018-09-12,50305.0,0.0,0.0,0.0,0.0,51496.25,873.75,101801.25,-0.014925914726338085,1.0180124999999973
2018-09-13,0.0,34070.0,0.0,0.0,0.0,70318.75,876.25,104388.75,0.02541717316830594,1.0438874999999974
2018-09-14,51925.0,0.0,0.0,0.0,0.0,49261.25,878.75,101186.25,-0.030678593239213958,1.0118624999999974
2018-09-17,0.0,34200.0,0.0,0.0,0.0,69928.75,881.25,104128.75,0.029080038048648005,1.0412874999999975
2018-09-18,52570.0,0.0,0.0,0.0,0.0,49081.25,883.75,101651.25,-0.02379266052843232,1.0165124999999975
2018-09-19,0.0,0.0,0.0,0.0,0.0,102550.0,885.0,102550.0,0.008841504654394372,1.0254999999999974
2018-09-20,52805.0,0.0,0.0,0.0,0.0,48873.75,886.25,101678.75,-0.008495855680155984,1.0167874999999975
2018-09-21,0.0,0.0,0.0,0.0,0.0,102682.5,887.5,102682.5,0.009871777534637305,1.0268249999999974
2018-09-24,51950.0,0.0,0.0,0.0,0.0,48826.25,888.75,100776.25,-0.018564507097119765,1.0077624999999975
2018-09-25,0.0,0.0,0.0,0.0,0.0,102890.0,890.0,102890.0,0.02097468401533109,1.0288999999999975
2018-09-26,53550.0,0.0,0.0,0.0,0.0,48668.75,891.25,102218.75,-0.006523957624647636,1.0221874999999976
2018-09-27,0.0,0.0,0.0,0.0,0.0,102867.5,892.5,102867.5,0.006346682971568374,1.0286749999999976
2018-09-28,0.0,0.0,0.0,0.0,0.0,102867.5,892.5,102867.5,0.0,1.0286749999999976
2018-10-01,0.0,0.0,0.0,0.0,0.0,102867.5,892.5,102867.5,0.0,1.0286749999999976
2018-10-02,0.0,0.0,0.0,0.0,0.0,102867.5,892.5,102867.5,0.0,1.0286749999999976
2018-10-03,0.0,0.0,0.0,0.0,0.0,102867.5,892.5,102867.5,0.0,1.0286749999999976
2018-10-04,0.0,0.0,0.0,0.0,0.0,102867.5,892.5,102867.5,0.0,1.0286749999999976
2018-10-05,0.0,0.0,0.0,0.0,0.0,102867.5,892.5,102867.5,0.0,1.0286749999999976
2018-10-08,0.0,0.0,0.0,0.0,0.0,102867.5,892.5,102867.5,0.0,1.0286749999999976
2018-10-09,0.0,0.0,0.0,0.0,0.0,102867.5,892.5,102867.5,0.0,1.0286749999999976
2018-10-10,0.0,0.0,0.0,0.0,21970.0,80381.25,893.75,102351.25,-0.005018591877901213,1.0235124999999976
2018-10-11,0.0,0.0,0.0,0.0,0.0,102745.0,895.0,102745.0,0.003847046323322889,1.0274499999999975
2018-10-12,0.0,0.0,0.0,0.0,0.0,102745.0,895.0,102745.0,0.0,1.0274499999999975
2018-10-15,0.0,31490.0,0.0,0.0,22110.0,47077.5,897.5,100677.5,-0.02012263370480316,1.0067749999999975
2018-10-16,0.0,0.0,0.0,0.0,0.0,101925.0,900.0,101925.0,0.012391050631968437,1.0192499999999975
2018-10-17,0.0,32034.999999999996,0.0,0.0,0.0,68813.75,901.25,100848.75,-0.010559234731420175,1.0084874999999975
2018-10-18,0.0,0.0,0.0,0.0,0.0,101702.5,902.5,101702.5,0.008465647814177135,1.0170249999999974
2018-10-19,0.0,32435.000000000004,0.0,43180.0,0.0,30875.0,905.0,106490.0,0.04707357242938959,1.0648999999999973
2018-10-22,0.0,0.0,26045.0,0.0,0.0,75561.25,908.75,101606.25,-0.04586111371959811,1.0160624999999974
2018-10-23,0.0,0.0,0.0,41460.0,0.0,63063.75,911.25,104523.75,0.028713784831149614,1.0452374999999974
2018-10-24,0.0,0.0,26010.0,0.0,0.0,75441.25,913.75,101451.25,-0.029395233140793398,1.0145124999999975
2018-10-25,48115.0,0.0,0.0,37780.0,0.0,13517.5,917.5,99412.5,-0.020095858848461656,0.9941249999999976
2018-10-26,0.0,0.0,25525.0,0.0,0.0,77323.75,921.25,102848.75,0.03456557273984662,1.0284874999999976
2018-10-29,47620.0,0.0,0.0,36425.0,0.0,12270.0,925.0,96315.0,-0.06352775313263404,0.9631499999999977
2018-10-30,0.0,0.0,26485.0,0.0,0.0,75986.25,928.75,102471.25,0.0639178736437731,1.0247124999999977
2018-10-31,0.0,0.0,0.0,38345.0,0.0,64358.75,931.25,102703.75,0.002268929089866756,1.0270374999999978
2018-11-01,0.0,0.0,27225.0,0.0,0.0,75621.25,933.75,102846.25,0.0013874858512956667,1.0284624999999978
2018-11-02,0.0,0.0,0.0,39545.0,0.0,64318.75,936.25,103863.75,0.00989340885058998,1.0386374999999977
2018-11-05,0.0,0.0,27355.0,0.0,0.0,76016.25,938.75,103371.25,-0.004741789122769013,1.0337124999999976
2018-11-06,0.0,33260.0,0.0,40245.0,0.0,29847.5,942.5,103352.5,-0.00018138505628984003,1.0335249999999976
2018-11-07,0.0,0.0,27955.0,0.0,0.0,74978.75,946.25,102933.75,-0.004051667835804684,1.0293374999999976
2018-11-08,0.0,33650.0,0.0,0.0,0.0,68091.25,948.75,101741.25,-0.01158512149805091,1.0174124999999976
2018-11-09,0.0,0.0,0.0,0.0,0.0,102840.0,950.0,102840.0,0.010799454498544137,1.0283999999999975
2018-11-12,0.0,0.0,0.0,0.0,23445.0,79978.75,951.25,103423.75,0.005676293271100752,1.0342374999999975
2018-11-13,0.0,0.0,0.0,39155.0,0.0,63221.25,953.75,102376.25,-0.010128234568945738,1.0237624999999975
2018-11-14,0.0,0.0,0.0,0.0,0.0,101680.0,955.0,101680.0,-0.006800893761980897,1.0167999999999975
2018-11-15,0.0,0.0,0.0,0.0,0.0,101680.0,955.0,101680.0,0.0,1.0167999999999975
2018-11-16,0.0,0.0,0.0,0.0,0.0,101680.0,955.0,101680.0,0.0,1.0167999999999975
2018-11-19,0.0,0.0,0.0,0.0,0.0,101680.0,955.0,101680.0,0.0,1.0167999999999975
2018-11-20,0.0,0.0,0.0,37335.0,0.0,61763.75,956.25,99098.75,-0.02538601494885917,0.9909874999999976
2018-11-21,0.0,0.0,0.0,0.0,0.0,99887.5,957.5,99887.5,0.007959232583660159,0.9988749999999975
2018-11-23,0.0,0.0,0.0,0.0,0.0,99887.5,957.5,99887.5,0.0,0.9988749999999975
2018-11-26,0.0,0.0,0.0,0.0,0.0,99887.5,957.5,99887.5,0.0,0.9988749999999975
2018-11-27,0.0,34925.0,0.0,0.0,0.0,64131.25,958.75,99056.25,-0.008321862094856747,0.9905624999999975
2018-11-28,0.0,0.0,0.0,0.0,0.0,99840.0,960.0,99840.0,0.007912171114896838,0.9983999999999974
2018-11-29,0.0,35135.0,0.0,0.0,0.0,65088.75,961.25,100223.75,0.0038436498397436125,1.0022374999999974
2018-11-30,0.0,0.0,0.0,0.0,0.0,100097.5,962.5,100097.5,-0.0012596814627271469,1.0009749999999975
2018-12-03,0.0,35940.0,0.0,0.0,0.0,65126.25,963.75,101066.25,0.00967806388770942,1.0106624999999974
2018-12-04,0.0,0.0,0.0,0.0,0.0,98995.0,965.0,98995.0,-0.020493982907251462,0.9899499999999973
2018-12-06,0.0,36325.0,0.0,0.0,0.0,64833.75,966.25,101158.75,0.021857164503257698,1.0115874999999972
2018-12-07,0.0,0.0,0.0,0.0,0.0,98947.5,967.5,98947.5,-0.021859206445314916,0.9894749999999972
2018-12-10,0.0,35755.0,28475.0,0.0,0.0,40280.0,970.0,104510.0,0.056216680562924726,1.045099999999997
2018-12-11,0.0,0.0,0.0,0.0,23780.0,75466.25,973.75,99246.25,-0.05036599368481487,0.9924624999999971
2018-12-12,0.0,34750.0,28720.0,0.0,0.0,41157.5,977.5,104627.5,0.054221192236482585,1.0462749999999972
2018-12-13,44985.0,0.0,0.0,0.0,0.0,54878.75,981.25,99863.75,-0.045530572746170894,0.9986374999999974
2018-12-14,0.0,34970.0,26345.0,0.0,0.0,41085.0,985.0,102400.0,0.025397103553591815,1.0239999999999974
2018-12-17,45000.0,0.0,0.0,0.0,23000.0,32665.0,990.0,100665.0,-0.016943359375000022,1.0066499999999974
2018-12-18,0.0,34160.0,25615.0,0.0,0.0,41725.0,995.0,101500.0,0.00829483931853181,1.0149999999999975
2018-12-19,44200.0,0.0,0.0,0.0,0.0,52931.25,998.75,97131.25,-0.04304187192118225,0.9713124999999976
2018-12-20,0.0,34060.0,24605.0,0.0,0.0,41177.5,1002.5,99842.5,0.027913261694871627,0.9984249999999976
2018-12-21,42645.0,0.0,0.0,0.0,22545.0,30767.5,1007.5,95957.5,-0.038911285274306984,0.9595749999999977
2018-12-24,0.0,31840.0,23975.0,0.0,0.0,41057.5,1012.5,96872.5,0.009535471432665421,0.9687249999999976
2018-12-26,43535.0,0.0,0.0,0.0,21820.0,32227.5,1017.5,97582.5,0.007329221399261954,0.9758249999999976
2018-12-27,0.0,33030.0,24720.0,0.0,0.0,40882.5,1022.5,98632.5,0.010760126047190788,0.9863249999999976
2018-12-28,44080.0,0.0,0.0,0.0,21975.0,31792.5,1027.5,97847.5,-0.007958837097305604,0.9784749999999977
2018-12-31,0.0,33005.0,24610.0,0.0,0.0,40422.5,1032.5,98037.5,0.001941797184394023,0.9803749999999976
2019-01-02,45050.0,0.0,0.0,0.0,0.0,54508.75,1036.25,99558.75,0.015517021547877041,0.9955874999999975
2019-01-03,0.0,0.0,24000.0,0.0,22170.0,50980.0,1040.0,97150.0,-0.024194257159717236,0.9714999999999976
2019-01-04,45225.0,0.0,0.0,37220.0,0.0,14125.0,1045.0,96570.0,-0.005970149253731294,0.9656999999999977
2019-01-07,0.0,0.0,24865.0,0.0,22305.0,51100.0,1050.0,98270.0,0.017603810707258916,0.9826999999999976
2019-01-08,45460.0,0.0,0.0,37665.0,0.0,13675.0,1055.0,96800.0,-0.014958787015365793,0.9679999999999976
2019-01-09,0.0,33160.0,26665.0,0.0,22745.0,14548.75,1061.25,97118.75,0.0032928719008264995,0.9711874999999976
2019-01-10,46250.0,0.0,0.0,38270.0,0.0,13327.5,1067.5,97847.5,0.007503700366819022,0.9784749999999977
2019-01-11,0.0,33775.0,27185.0,0.0,23305.0,14871.25,1073.75,99136.25,0.013171005902041344,0.9913624999999975
2019-01-14,46800.0,0.0,0.0,38755.0,0.0,13725.0,1080.0,99280.0,0.0014500245873734219,0.9927999999999975
2019-01-15,0.0,34230.0,27380.0,0.0,23395.0,14238.75,1086.25,99243.75,-0.0003651289282836645,0.9924374999999974
2019-01-16,47205.0,0.0,0.0,39985.0,0.0,14007.5,1092.5,101197.5,0.01968637823540531,1.0119749999999974
2019-01-17,0.0,34955.0,27135.0,0.0,23535.0,14151.25,1098.75,99776.25,-0.014044319276661943,0.9977624999999974
2019-01-18,48190.0,0.0,0.0,40630.0,0.0,14900.0,1105.0,103720.0,0.039525939289159595,1.0371999999999975
2019-01-22,0.0,35200.0,27740.0,0.0,23535.0,14893.75,1111.25,101368.75,-0.022669205553413008,1.0136874999999976
2019-01-23,47790.0,0.0,0.0,39975.0,0.0,14772.5,1117.5,102537.5,0.011529687403662336,1.0253749999999975
2019-01-24,0.0,35175.0,27680.0,0.0,23980.0,15231.25,1123.75,102066.25,-0.004595879556259952,1.0206624999999974
2019-01-25,47620.0,0.0,0.0,40530.0,0.0,14890.0,1130.0,103040.0,0.009540372062263547,1.0303999999999973
2019-01-28,0.0,35860.0,27780.0,0.0,23715.0,13833.75,1136.25,101188.75,-0.01796632375776397,1.0118874999999974
2019-01-29,47470.0,0.0,0.0,40470.0,0.0,15272.5,1142.5,103212.5,0.019999752936961768,1.0321249999999973
2019-01-30,0.0,36000.0,28110.0,0.0,23935.0,13681.25,1148.75,101726.25,-0.014399903112510604,1.0172624999999973
2019-01-31,48195.0,0.0,0.0,40250.0,0.0,13700.0,1155.0,102145.0,0.004116439955272222,1.0214499999999973
2019-02-01,0.0,36010.0,28975.0,0.0,24245.0,12643.75,1161.25,101873.75,-0.0026555386949924653,1.0187374999999972
2019-02-04,49000.0,0.0,0.0,40905.0,0.0,13962.5,1167.5,103867.5,0.019570792279659965,1.0386749999999971
2019-02-05,0.0,36475.0,28805.0,0.0,24365.0,13981.25,1173.75,103626.25,-0.002322670710279917,1.0362624999999972
2019-02-06,48955.0,0.0,0.0,0.0,0.0,55196.25,1178.75,104151.25,0.005066283880773348,1.0415124999999972
2019-02-07,0.0,36770.0,28715.0,0.0,24580.0,14046.25,1183.75,104111.25,-0.0003840568404124278,1.0411124999999972
2019-02-08,48565.0,0.0,0.0,0.0,0.0,56436.25,1188.75,105001.25,0.008548547827444297,1.0500124999999974
2019-02-11,0.0,36730.0,29000.0,0.0,0.0,39267.5,1192.5,104997.5,-3.5713860549235754e-05,1.0499749999999974
2019-02-12,0.0,0.0,0.0,0.0,0.0,105285.0,1195.0,105285.0,0.002738160432391279,1.0528499999999974
2019-02-13,0.0,36645.0,0.0,0.0,0.0,68423.75,1196.25,105068.75,-0.0020539488056228183,1.0506874999999973
2019-02-14,0.0,0.0,0.0,0.0,24600.0,80396.25,1198.75,104996.25,-0.0006900243887930646,1.0499624999999972
2019-02-15,0.0,0.0,0.0,0.0,0.0,105240.0,1200.0,105240.0,0.002321511482552996,1.0523999999999973
2019-02-19,0.0,0.0,0.0,0.0,0.0,105240.0,1200.0,105240.0,0.0,1.0523999999999973
2019-02-20,0.0,0.0,0.0,0.0,0.0,105240.0,1200.0,105240.0,0.0,1.0523999999999973
2019-02-21,0.0,0.0,0.0,0.0,0.0,105240.0,1200.0,105240.0,0.0,1.0523999999999973
2019-02-22,0.0,0.0,0.0,0.0,0.0,105240.0,1200.0,105240.0,0.0,1.0523999999999973
2019-02-25,0.0,0.0,0.0,41790.0,0.0,65008.75,1201.25,106798.75,0.014811383504371056,1.0679874999999974
2019-02-26,49715.0,0.0,29370.0,0.0,0.0,24895.0,1205.0,103980.0,-0.02639309917016819,1.0397999999999974
2019-02-27,0.0,0.0,0.0,41910.0,0.0,65396.25,1208.75,107306.25,0.03198932487016726,1.0730624999999971
2019-02-28,0.0,0.0,31915.0,0.0,0.0,75858.75,1211.25,107773.75,0.0043566893820257135,1.0777374999999971
2019-03-01,0.0,0.0,0.0,0.0,0.0,105742.5,1212.5,105742.5,-0.01884735383152203,1.0574249999999972
2019-03-04,51890.0,0.0,32509.999999999996,0.0,0.0,26805.0,1215.0,111205.0,0.05165851005981503,1.1120499999999969
2019-03-05,0.0,0.0,0.0,0.0,0.0,106302.5,1217.5,106302.5,-0.0440852479654692,1.063024999999997
2019-03-06,50585.0,0.0,0.0,0.0,0.0,56451.25,1218.75,107036.25,0.006902471719856029,1.070362499999997
2019-03-07,0.0,0.0,30795.0,0.0,0.0,75988.75,1221.25,106783.75,-0.0023590138854827636,1.0678374999999969
2019-03-08,49980.0,0.0,0.0,0.0,0.0,56946.25,1223.75,106926.25,0.001334472707692047,1.069262499999997
2019-03-11,0.0,0.0,30595.0,0.0,0.0,77783.75,1226.25,108378.75,0.01358412924796304,1.083787499999997
2019-03-12,50505.0,0.0,0.0,0.0,0.0,57256.25,1228.75,107761.25,-0.005697611385995893,1.077612499999997
2019-03-13,0.0,0.0,29885.0,0.0,0.0,77258.75,1231.25,107143.75,-0.00573026018165157,1.071437499999997
2019-03-14,49100.0,0.0,0.0,0.0,0.0,57381.25,1233.75,106481.25,-0.00618328180598493,1.064812499999997
2019-03-15,0.0,0.0,30135.0,0.0,0.0,77433.75,1236.25,107568.75,0.010213065680577671,1.0756874999999972
2019-03-18,49850.0,0.0,0.0,41260.0,0.0,17305.0,1240.0,108415.0,0.007867061762826033,1.084149999999997
2019-03-19,0.0,0.0,28960.0,0.0,0.0,77671.25,1243.75,106631.25,-0.016452981598487293,1.066312499999997
2019-03-20,47290.0,0.0,0.0,0.0,0.0,56233.75,1246.25,103523.75,-0.029142488716956794,1.0352374999999971
2019-03-21,0.0,0.0,27100.0,0.0,0.0,77291.25,1248.75,104391.25,0.00837971962955364,1.0439124999999971
2019-03-22,47280.0,0.0,0.0,0.0,0.0,55858.75,1251.25,103138.75,-0.011998132027349007,1.0313874999999972
2019-03-25,0.0,0.0,27275.0,0.0,26025.0,51775.0,1255.0,105075.0,0.018773254475160872,1.0507499999999972
2019-03-26,47685.0,0.0,0.0,0.0,0.0,56101.25,1258.75,103786.25,-0.012265048774684706,1.0378624999999972
2019-03-27,0.0,0.0,27440.0,39250.0,0.0,34527.5,1262.5,101217.5,-0.02475038841850441,1.0121749999999974
2019-03-28,47385.0,0.0,0.0,0.0,0.0,57053.75,1266.25,104438.75,0.03182503025662564,1.0443874999999974
2019-03-29,0.0,0.0,27290.0,40205.0,0.0,33995.0,1270.0,101490.0,-0.02823425213342745,1.0148999999999975
2019-04-01,0.0,0.0,0.0,0.0,0.0,104627.5,1272.5,104627.5,0.030914375800571436,1.0462749999999974
2019-04-02,47725.0,0.0,26665.0,41505.0,0.0,-13706.25,1276.25,102188.75,-0.023308881508207646,1.0218874999999976
2019-04-03,0.0,0.0,0.0,0.0,0.0,104525.0,1280.0,104525.0,0.022862105662316168,1.0452499999999976
2019-04-04,47955.0,0.0,26435.0,42210.0,0.0,-14463.75,1283.75,102136.25,-0.022853384357809148,1.0213624999999975
2019-04-05,0.0,0.0,0.0,0.0,0.0,104407.5,1287.5,104407.5,0.02223745242262165,1.0440749999999974
2019-04-08,0.0,0.0,26535.0,42750.0,0.0,32210.0,1290.0,101495.0,-0.027895505591073455,1.0149499999999976
2019-04-09,0.0,0.0,0.0,0.0,0.0,103977.5,1292.5,103977.5,0.024459332972067482,1.0397749999999975
2019-04-10,0.0,0.0,27485.0,42805.0,0.0,31095.0,1295.0,101385.0,-0.02493327883436325,1.0138499999999975
2019-04-11,0.0,0.0,0.0,0.0,0.0,103742.5,1297.5,103742.5,0.023252946688366194,1.0374249999999974
2019-04-12,0.0,0.0,26510.0,43900.0,0.0,29685.0,1300.0,100095.0,-0.03515916813263609,1.0009499999999976
2019-04-15,0.0,0.0,0.0,0.0,0.0,104382.5,1302.5,104382.5,0.04283430740796246,1.0438249999999976
2019-04-16,0.0,0.0,27100.0,44275.0,0.0,29240.0,1305.0,100615.0,-0.03609321485881256,1.0061499999999977
2019-04-17,0.0,0.0,0.0,0.0,0.0,104822.5,1307.5,104822.5,0.04181782040451232,1.0482249999999975
2019-04-18,46615.0,0.0,27600.0,44595.0,0.0,-15966.25,1311.25,102843.75,-0.018877149466956067,1.0284374999999975
2019-04-22,0.0,0.0,0.0,0.0,0.0,105200.0,1315.0,105200.0,0.02291096931024006,1.0519999999999974
2019-04-23,0.0,0.0,28115.0,44765.0,0.0,28097.5,1317.5,100977.5,-0.04013783269961979,1.0097749999999974
2019-04-24,0.0,0.0,0.0,0.0,0.0,104815.0,1320.0,104815.0,0.03800351563467119,1.0481499999999975
2019-04-25,0.0,0.0,28950.0,45105.0,0.0,29992.5,1322.5,104047.5,-0.007322425225397167,1.0404749999999974
2019-04-26,46755.0,0.0,0.0,0.0,0.0,56643.75,1326.25,103398.75,-0.0062351329921430665,1.0339874999999974
2019-04-29,0.0,0.0,29345.0,45795.0,0.0,29860.0,1330.0,105000.0,0.015486164001015545,1.0499999999999974
2019-04-30,47500.0,0.0,0.0,0.0,0.0,56511.25,1333.75,104011.25,-0.009416666666666629,1.0401124999999976
2019-05-01,0.0,0.0,0.0,44750.0,0.0,62143.75,1336.25,106893.75,0.02771334831568706,1.0689374999999974
2019-05-02,0.0,0.0,0.0,0.0,0.0,104487.5,1337.5,104487.5,-0.02251067064257728,1.0448749999999976
2019-05-03,0.0,0.0,31555.0,45545.0,0.0,31290.0,1340.0,108390.0,0.037348965187223415,1.0838999999999974
2019-05-06,0.0,0.0,0.0,0.0,0.0,105327.5,1342.5,105327.5,-0.0282544515176677,1.0532749999999975
2019-05-07,0.0,0.0,0.0,44020.0,0.0,63326.25,1343.75,107346.25,0.019166409532173523,1.0734624999999975
2019-05-08,0.0,0.0,0.0,0.0,0.0,105595.0,1345.0,105595.0,-0.016314030532040058,1.0559499999999975
2019-05-09,0.0,0.0,0.0,43630.0,0.0,62703.75,1346.25,106333.75,0.006996069889672718,1.0633374999999974
2019-05-10,0.0,0.0,0.0,0.0,0.0,105252.5,1347.5,105252.5,-0.010168455452760794,1.0525249999999973
2019-05-13,0.0,0.0,0.0,41700.0,0.0,62886.25,1348.75,104586.25,-0.006330015914111309,1.0458624999999973
2019-05-14,0.0,0.0,0.0,0.0,0.0,106305.0,1350.0,106305.0,0.016433804634930604,1.0630499999999974
2019-05-15,0.0,0.0,0.0,0.0,0.0,106305.0,1350.0,106305.0,0.0,1.0630499999999974
2019-05-16,0.0,0.0,0.0,0.0,0.0,106305.0,1350.0,106305.0,0.0,1.0630499999999974
2019-05-17,0.0,0.0,0.0,0.0,0.0,106305.0,1350.0,106305.0,0.0,1.0630499999999974
2019-05-20,0.0,0.0,0.0,0.0,0.0,106305.0,1350.0,106305.0,0.0,1.0630499999999974
2019-05-21,0.0,0.0,0.0,0.0,0.0,106305.0,1350.0,106305.0,0.0,1.0630499999999974
2019-05-22,0.0,0.0,0.0,0.0,0.0,106305.0,1350.0,106305.0,0.0,1.0630499999999974
2019-05-23,0.0,0.0,0.0,0.0,0.0,106305.0,1350.0,106305.0,0.0,1.0630499999999974
2019-05-24,0.0,0.0,0.0,0.0,0.0,106305.0,1350.0,106305.0,0.0,1.0630499999999974
2019-05-28,0.0,0.0,0.0,0.0,0.0,106305.0,1350.0,106305.0,0.0,1.0630499999999974
2019-05-29,0.0,0.0,0.0,0.0,0.0,106305.0,1350.0,106305.0,0.0,1.0630499999999974
2019-05-30,0.0,0.0,0.0,0.0,0.0,106305.0,1350.0,106305.0,0.0,1.0630499999999974
2019-05-31,0.0,0.0,0.0,0.0,0.0,106305.0,1350.0,106305.0,0.0,1.0630499999999974
2019-06-03,0.0,0.0,0.0,0.0,0.0,106305.0,1350.0,106305.0,0.0,1.0630499999999974
2019-06-04,0.0,0.0,31435.0,0.0,0.0,75638.75,1351.25,107073.75,0.0072315507266826895,1.0707374999999975
2019-06-05,0.0,0.0,0.0,0.0,0.0,106597.5,1352.5,106597.5,-0.004447868875424699,1.0659749999999975
2019-06-06,0.0,0.0,0.0,0.0,0.0,106597.5,1352.5,106597.5,0.0,1.0659749999999975
2019-06-07,0.0,0.0,0.0,0.0,0.0,106597.5,1352.5,106597.5,0.0,1.0659749999999975
2019-06-10,0.0,0.0,0.0,0.0,0.0,106597.5,1352.5,106597.5,0.0,1.0659749999999975
2019-06-11,0.0,0.0,0.0,0.0,0.0,106597.5,1352.5,106597.5,0.0,1.0659749999999975
2019-06-12,0.0,0.0,0.0,0.0,0.0,106597.5,1352.5,106597.5,0.0,1.0659749999999975
2019-06-13,0.0,0.0,0.0,0.0,0.0,106597.5,1352.5,106597.5,0.0,1.0659749999999975
2019-06-14,53060.0,0.0,0.0,0.0,0.0,55221.25,1353.75,108281.25,0.015795398578765996,1.0828124999999975
2019-06-17,0.0,39335.0,0.0,0.0,0.0,69593.75,1356.25,108928.75,0.005979797979797974,1.0892874999999975
2019-06-18,0.0,0.0,0.0,0.0,0.0,107552.5,1357.5,107552.5,-0.012634405517368053,1.0755249999999974
2019-06-19,0.0,39215.0,0.0,0.0,27870.0,42060.0,1360.0,109145.0,0.014806722298412511,1.0914499999999974
2019-06-20,0.0,0.0,0.0,40345.0,0.0,66421.25,1363.75,106766.25,-0.021794401942370256,1.0676624999999975
2019-06-21,0.0,0.0,0.0,0.0,0.0,108625.0,1365.0,108625.0,0.017409527823633475,1.0862499999999975
2019-06-24,0.0,0.0,0.0,40145.0,0.0,65818.75,1366.25,105963.75,-0.02449942462600685,1.0596374999999976
2019-06-25,0.0,0.0,0.0,0.0,0.0,107647.5,1367.5,107647.5,0.015889867997310292,1.0764749999999974
2019-06-26,0.0,0.0,0.0,0.0,0.0,107647.5,1367.5,107647.5,0.0,1.0764749999999974
2019-06-27,0.0,0.0,0.0,0.0,0.0,107647.5,1367.5,107647.5,0.0,1.0764749999999974
2019-06-28,0.0,0.0,0.0,0.0,0.0,107647.5,1367.5,107647.5,0.0,1.0764749999999974
2019-07-01,0.0,0.0,0.0,0.0,0.0,107647.5,1367.5,107647.5,0.0,1.0764749999999974
2019-07-02,0.0,0.0,0.0,0.0,0.0,107647.5,1367.5,107647.5,0.0,1.0764749999999974
2019-07-03,0.0,0.0,0.0,0.0,28155.0,79816.25,1368.75,107971.25,0.003007501335376972,1.0797124999999974
2019-07-05,0.0,0.0,0.0,0.0,0.0,107710.0,1370.0,107710.0,-0.0024196255947763756,1.0770999999999975
2019-07-08,0.0,0.0,0.0,0.0,0.0,107710.0,1370.0,107710.0,0.0,1.0770999999999975
2019-07-09,0.0,0.0,0.0,0.0,0.0,107710.0,1370.0,107710.0,0.0,1.0770999999999975
2019-07-10,0.0,0.0,0.0,0.0,28455.0,79968.75,1371.25,108423.75,0.006626589917370751,1.0842374999999975
2019-07-11,0.0,0.0,0.0,0.0,0.0,107677.5,1372.5,107677.5,-0.006882717116867831,1.0767749999999976
2019-07-12,0.0,39425.0,0.0,0.0,0.0,68961.25,1373.75,108386.25,0.006582155046318761,1.0838624999999975
2019-07-15,0.0,0.0,0.0,0.0,28055.0,80328.75,1376.25,108383.75,-2.3065656390874878e-05,1.0838374999999976
2019-07-16,0.0,0.0,0.0,0.0,0.0,108197.5,1377.5,108197.5,-0.0017184310378631773,1.0819749999999975
2019-07-17,0.0,0.0,0.0,0.0,0.0,108197.5,1377.5,108197.5,0.0,1.0819749999999975
2019-07-18,0.0,0.0,0.0,0.0,0.0,108197.5,1377.5,108197.5,0.0,1.0819749999999975
2019-07-19,0.0,0.0,0.0,0.0,0.0,108197.5,1377.5,108197.5,0.0,1.0819749999999975
2019-07-22,0.0,0.0,0.0,0.0,0.0,108197.5,1377.5,108197.5,0.0,1.0819749999999975
2019-07-23,56250.0,0.0,0.0,0.0,0.0,52656.25,1378.75,108906.25,0.006550521037916868,1.0890624999999976
2019-07-24,0.0,0.0,0.0,0.0,0.0,106725.0,1380.0,106725.0,-0.020028694404591096,1.0672499999999976
2019-07-25,56680.0,0.0,0.0,0.0,0.0,51908.75,1381.25,108588.75,0.01746310611384394,1.0858874999999975
2019-07-26,0.0,0.0,0.0,0.0,0.0,110852.5,1382.5,110852.5,0.02084700302747744,1.1085249999999973
2019-07-29,0.0,0.0,0.0,0.0,0.0,110852.5,1382.5,110852.5,0.0,1.1085249999999973
2019-07-30,0.0,0.0,0.0,0.0,0.0,110852.5,1382.5,110852.5,0.0,1.1085249999999973
2019-07-31,0.0,0.0,0.0,0.0,0.0,110852.5,1382.5,110852.5,0.0,1.1085249999999973
2019-08-01,0.0,0.0,0.0,0.0,0.0,110852.5,1382.5,110852.5,0.0,1.1085249999999973
2019-08-02,0.0,0.0,0.0,0.0,0.0,110852.5,1382.5,110852.5,0.0,1.1085249999999973
2019-08-05,0.0,0.0,0.0,0.0,0.0,110852.5,1382.5,110852.5,0.0,1.1085249999999973
2019-08-06,0.0,0.0,0.0,0.0,0.0,110852.5,1382.5,110852.5,0.0,1.1085249999999973
2019-08-07,0.0,0.0,0.0,37990.0,0.0,72386.25,1383.75,110376.25,-0.004296249520759576,1.1037624999999973
2019-08-08,0.0,0.0,0.0,0.0,0.0,110700.0,1385.0,110700.0,0.0029331491149591216,1.1069999999999973
2019-08-09,0.0,0.0,0.0,38365.0,0.0,71868.75,1386.25,110233.75,-0.0042118337850045595,1.1023374999999973
2019-08-12,0.0,0.0,0.0,0.0,0.0,111147.5,1387.5,111147.5,0.008289203624116892,1.1114749999999973
2019-08-13,0.0,0.0,0.0,37980.0,0.0,73046.25,1388.75,111026.25,-0.0010908927326300777,1.1102624999999973
2019-08-14,0.0,0.0,0.0,0.0,0.0,111320.0,1390.0,111320.0,0.0026457707073777037,1.1131999999999973
2019-08-15,0.0,0.0,0.0,36875.0,0.0,73488.75,1391.25,110363.75,-0.008590100610851636,1.1036374999999974
2019-08-16,0.0,0.0,0.0,0.0,0.0,111607.5,1392.5,111607.5,0.011269551822949087,1.1160749999999973
2019-08-19,0.0,0.0,0.0,38465.0,0.0,72466.25,1393.75,110931.25,-0.00605918061062205,1.1093124999999973
2019-08-20,0.0,0.0,0.0,0.0,0.0,111720.0,1395.0,111720.0,0.007110259732942659,1.117199999999997
2019-08-21,0.0,0.0,0.0,38830.0,0.0,73258.75,1396.25,112088.75,0.003300662370211205,1.120887499999997
2019-08-22,0.0,0.0,0.0,0.0,0.0,112272.5,1397.5,112272.5,0.0016393259805287386,1.1227249999999969
2019-08-23,0.0,0.0,0.0,38100.0,0.0,72296.25,1398.75,110396.25,-0.016711572290632137,1.1039624999999968
2019-08-26,0.0,0.0,0.0,0.0,0.0,112575.0,1400.0,112575.0,0.019735724718910275,1.1257499999999967
2019-08-27,0.0,0.0,0.0,37830.0,0.0,71438.75,1401.25,109268.75,-0.029369309349322692,1.0926874999999967
2019-08-28,0.0,41815.0,0.0,0.0,0.0,71351.25,1403.75,113166.25,0.035668935537379154,1.1316624999999965
2019-08-29,0.0,0.0,0.0,39140.0,0.0,70843.75,1406.25,109983.75,-0.028122342129389244,1.0998374999999967
2019-08-30,0.0,42380.0,0.0,0.0,0.0,71366.25,1408.75,113746.25,0.034209599145328395,1.1374624999999967
2019-09-03,0.0,0.0,0.0,38460.0,0.0,70083.75,1411.25,108543.75,-0.04573777157488712,1.0854374999999967
2019-09-04,0.0,43145.0,0.0,0.0,0.0,71231.25,1413.75,114376.25,0.053734093395520155,1.1437624999999965
2019-09-05,0.0,0.0,0.0,0.0,0.0,114165.0,1415.0,114165.0,-0.0018469743500071356,1.1416499999999965
2019-09-06,0.0,43425.0,0.0,0.0,0.0,71528.75,1416.25,114953.75,0.006908859983357329,1.1495374999999963
2019-09-09,0.0,0.0,0.0,0.0,0.0,114282.5,1417.5,114282.5,-0.00583930493785545,1.1428249999999964
2019-09-10,0.0,0.0,0.0,0.0,0.0,114282.5,1417.5,114282.5,0.0,1.1428249999999964
2019-09-11,0.0,0.0,0.0,0.0,0.0,114282.5,1417.5,114282.5,0.0,1.1428249999999964
2019-09-12,0.0,0.0,0.0,0.0,0.0,114282.5,1417.5,114282.5,0.0,1.1428249999999964
2019-09-13,0.0,0.0,0.0,43555.0,0.0,71886.25,1418.75,115441.25,0.010139347669153143,1.1544124999999963
2019-09-16,0.0,0.0,0.0,0.0,0.0,114220.0,1420.0,114220.0,-0.010578974153519605,1.1421999999999963
2019-09-17,0.0,0.0,0.0,43175.0,0.0,72283.75,1421.25,115458.75,0.010845298546664273,1.1545874999999963
2019-09-18,0.0,0.0,0.0,0.0,0.0,113512.5,1422.5,113512.5,-0.016856669589788598,1.1351249999999964
2019-09-19,0.0,0.0,0.0,0.0,0.0,113512.5,1422.5,113512.5,0.0,1.1351249999999964
2019-09-20,63320.0,0.0,0.0,0.0,0.0,52496.25,1423.75,115816.25,0.020295121682634143,1.1581624999999964
2019-09-23,0.0,0.0,0.0,42145.0,0.0,75528.75,1426.25,117673.75,0.016038336589209168,1.1767374999999964
2019-09-24,0.0,0.0,0.0,0.0,0.0,114837.5,1427.5,114837.5,-0.024102656709758974,1.1483749999999966
2019-09-25,0.0,0.0,0.0,42395.0,0.0,75771.25,1428.75,118166.25,0.02898661151627291,1.1816624999999963
2019-09-26,0.0,0.0,0.0,0.0,0.0,113990.0,1430.0,113990.0,-0.03534215564934995,1.1398999999999964
2019-09-27,0.0,0.0,0.0,41935.0,0.0,75203.75,1431.25,117138.75,0.02762303710851821,1.1713874999999963
2019-09-30,0.0,0.0,0.0,0.0,0.0,114377.5,1432.5,114377.5,-0.023572472815357903,1.1437749999999962
2019-10-01,0.0,0.0,0.0,39700.0,0.0,74086.25,1433.75,113786.25,-0.005169285917247746,1.1378624999999962
2019-10-02,0.0,0.0,0.0,0.0,0.0,114515.0,1435.0,114515.0,0.006404552395390395,1.1451499999999961
2019-10-03,0.0,0.0,0.0,0.0,0.0,114515.0,1435.0,114515.0,0.0,1.1451499999999961
2019-10-04,0.0,0.0,0.0,0.0,0.0,114515.0,1435.0,114515.0,0.0,1.1451499999999961
2019-10-07,0.0,0.0,0.0,39065.0,0.0,73293.75,1436.25,112358.75,-0.018829410994192886,1.1235874999999962
2019-10-08,0.0,0.0,0.0,0.0,0.0,114637.5,1437.5,114637.5,0.02028101950226402,1.1463749999999961
2019-10-09,0.0,0.0,0.0,0.0,0.0,114637.5,1437.5,114637.5,0.0,1.1463749999999961
2019-10-10,0.0,0.0,0.0,0.0,0.0,114637.5,1437.5,114637.5,0.0,1.1463749999999961
2019-10-10,0.0,0.0,0.0,0.0,0.0,114637.5,1437.5,114637.5,0.0,1.1463749999999961
